match_id,competition_id,season_id,match_date,team,opponent,is_home,goals_for,goals_against,xg_for,xg_against,shot_accuracy_pct,possession_pct,progressive_passes_pct
7525,43,3,2018-06-14,Russia,Saudi Arabia,1,5,0,1.2816009420000003,0.24880649999999999,50.0,40.416666666666664,29.77941176470588
7525,43,3,2018-06-14,Saudi Arabia,Russia,0,0,5,0.24880649999999999,1.2816009420000003,0.0,59.583333333333336,14.628820960698691
7576,43,3,2018-06-15,Portugal,Spain,1,3,3,1.4345957890000003,1.6609466704999998,30.0,33.21917808219178,22.641509433962266
7576,43,3,2018-06-15,Spain,Portugal,0,3,3,1.6609466704999998,1.4345957890000003,41.66666666666667,66.78082191780823,15.826330532212884
7577,43,3,2018-06-15,Morocco,Iran,1,0,1,1.0591950264999999,0.6975558776999999,21.428571428571427,64.82213438735178,20.151133501259448
7577,43,3,2018-06-15,Iran,Morocco,0,1,0,0.6975558776999999,1.0591950264999999,25.0,35.177865612648226,32.63888888888889
7578,43,3,2018-06-15,Egypt,Uruguay,1,0,1,0.36448845500000004,1.9408185930000001,37.5,42.94871794871795,26.16279069767442
7578,43,3,2018-06-15,Uruguay,Egypt,0,1,0,1.9408185930000001,0.36448845500000004,25.0,57.05128205128205,23.976608187134502
7532,43,3,2018-06-16,Peru,Denmark,1,0,1,1.926378192,1.1215676380000001,35.294117647058826,51.971326164874554,25.360230547550433
7532,43,3,2018-06-16,Denmark,Peru,0,1,0,1.1215676380000001,1.926378192,27.27272727272727,48.028673835125446,22.516556291390728
7530,43,3,2018-06-16,France,Australia,1,2,1,1.561557064,0.980031062,33.33333333333333,55.2870090634441,24.9438202247191
7530,43,3,2018-06-16,Australia,France,0,1,2,0.980031062,1.561557064,40.0,44.71299093655589,22.807017543859647
7529,43,3,2018-06-16,Croatia,Nigeria,1,2,0,1.6944666339999999,0.7623215977000002,18.181818181818183,54.202586206896555,24.93573264781491
7529,43,3,2018-06-16,Nigeria,Croatia,0,0,2,0.7623215977000002,1.6944666339999999,15.384615384615385,45.797413793103445,25.391849529780565
7531,43,3,2018-06-16,Argentina,Iceland,1,1,1,2.0805182487,1.0321244945,25.0,78.03921568627452,15.85014409221902
7531,43,3,2018-06-16,Iceland,Argentina,0,1,1,1.0321244945,2.0805182487,22.22222222222222,21.96078431372549,29.1970802919708
7535,43,3,2018-06-17,Costa Rica,Serbia,1,0,1,0.5960217237,1.9925690040000001,30.0,52.28260869565218,22.606382978723406
7535,43,3,2018-06-17,Serbia,Costa Rica,0,1,0,1.9925690040000001,0.5960217237,16.666666666666664,47.71739130434783,25.37313432835821
7533,43,3,2018-06-17,Brazil,Switzerland,1,1,1,1.8665897939999998,0.4721066513,19.047619047619047,54.78775913129319,20.930232558139537
7533,43,3,2018-06-17,Switzerland,Brazil,0,1,1,0.4721066513,1.8665897939999998,28.57142857142857,45.21224086870681,20.385674931129476
7534,43,3,2018-06-17,Germany,Mexico,1,0,1,2.2992588492,0.9932887669999999,34.61538461538461,65.64156945917286,22.648752399232247
7534,43,3,2018-06-17,Mexico,Germany,0,1,0,0.9932887669999999,2.2992588492,33.33333333333333,34.35843054082714,32.79352226720648
7538,43,3,2018-06-18,Sweden,South Korea,1,1,0,2.015124456,0.414372021,25.0,55.529685681024446,21.293800539083556
7538,43,3,2018-06-18,South Korea,Sweden,0,0,1,0.414372021,2.015124456,0.0,44.470314318975554,19.031141868512112
7537,43,3,2018-06-18,Tunisia,England,1,1,2,0.945653212,2.6264497449999995,16.666666666666664,39.23240938166311,19.298245614035086
7537,43,3,2018-06-18,England,Tunisia,0,2,1,2.6264497449999995,0.945653212,38.88888888888889,60.76759061833689,21.074380165289256
7536,43,3,2018-06-18,Belgium,Panama,1,3,0,1.212055155,0.62535498,40.0,62.62833675564682,19.298245614035086
7536,43,3,2018-06-18,Panama,Belgium,0,0,3,0.62535498,1.212055155,28.57142857142857,37.37166324435318,26.408450704225352
7539,43,3,2018-06-19,Poland,Senegal,1,1,2,1.042323384,1.4277506340000001,30.0,60.49638055842813,22.821576763485478
7539,43,3,2018-06-19,Senegal,Poland,0,2,1,1.4277506340000001,1.042323384,14.285714285714285,39.50361944157187,18.53146853146853
7541,43,3,2018-06-19,Colombia,Japan,1,1,2,0.8062560289999999,2.3206739599999997,30.0,40.11406844106464,27.070063694267514
7541,43,3,2018-06-19,Japan,Colombia,0,2,1,2.3206739599999997,0.8062560289999999,42.857142857142854,59.885931558935354,16.22641509433962
7540,43,3,2018-06-19,Russia,Egypt,1,3,1,0.9811507970000001,1.697518253,33.33333333333333,49.1062039957939,22.429906542056074
7540,43,3,2018-06-19,Egypt,Russia,0,1,3,1.697518253,0.9811507970000001,13.333333333333334,50.8937960042061,21.38888888888889
7543,43,3,2018-06-20,Iran,Spain,1,0,1,0.426459236,2.1969543835000005,0.0,24.304267161410017,27.848101265822784
7543,43,3,2018-06-20,Spain,Iran,0,1,0,2.1969543835000005,0.426459236,16.666666666666664,75.69573283858998,14.325452016689846
7544,43,3,2018-06-20,Uruguay,Saudi Arabia,1,1,0,1.8073869310000001,0.2734858323,21.428571428571427,46.666666666666664,19.58041958041958
7544,43,3,2018-06-20,Saudi Arabia,Uruguay,0,0,1,0.2734858323,1.8073869310000001,25.0,53.333333333333336,15.831663326653306
7542,43,3,2018-06-20,Portugal,Morocco,1,1,0,0.8849862430000001,1.4551028735,16.666666666666664,43.340611353711786,28.11387900355872
7542,43,3,2018-06-20,Morocco,Portugal,0,0,1,1.4551028735,0.8849862430000001,23.52941176470588,56.659388646288214,21.727748691099478
7545,43,3,2018-06-21,Argentina,Croatia,1,0,3,1.2180579430000003,1.8317100519999998,30.0,58.342420937840785,13.075060532687651
7545,43,3,2018-06-21,Croatia,Argentina,0,3,0,1.8317100519999998,1.2180579430000003,35.714285714285715,41.657579062159215,27.37226277372263
7547,43,3,2018-06-21,Denmark,Australia,1,1,1,1.014444774,1.412191891,50.0,47.27992087042532,22.474747474747474
7547,43,3,2018-06-21,Australia,Denmark,0,1,1,1.412191891,1.014444774,38.46153846153847,52.720079129574685,24.660633484162897
7546,43,3,2018-06-21,France,Peru,1,1,0,1.862419556,0.625221235,33.33333333333333,44.25228891149543,26.506024096385545
7546,43,3,2018-06-21,Peru,France,0,0,1,0.625221235,1.862419556,16.666666666666664,55.74771108850458,21.100917431192663
7549,43,3,2018-06-22,Nigeria,Iceland,1,2,0,1.312159326,1.552161967,23.52941176470588,60.944700460829495,23.002421307506054
7549,43,3,2018-06-22,Iceland,Nigeria,0,0,2,1.552161967,1.312159326,30.0,39.055299539170505,31.69642857142857
7548,43,3,2018-06-22,Brazil,Costa Rica,1,2,0,3.0963627985,0.158693415,39.130434782608695,71.83908045977012,17.700453857791228
7548,43,3,2018-06-22,Costa Rica,Brazil,0,0,2,0.158693415,3.0963627985,0.0,28.160919540229884,29.756097560975608
7550,43,3,2018-06-22,Serbia,Switzerland,1,1,2,1.153485278,1.5573086895,25.0,38.51276359600444,30.038022813688215
7550,43,3,2018-06-22,Switzerland,Serbia,0,2,1,1.5573086895,1.153485278,26.31578947368421,61.48723640399556,21.627408993576015
7551,43,3,2018-06-23,Germany,Sweden,1,2,1,1.318084832,0.8151666949999999,27.77777777777778,75.42016806722688,18.25525040387722
7551,43,3,2018-06-23,Sweden,Germany,0,1,2,0.8151666949999999,1.318084832,85.71428571428571,24.579831932773107,34.146341463414636
7553,43,3,2018-06-23,South Korea,Mexico,1,1,2,0.821793252,1.8775517199999998,35.294117647058826,42.10526315789473,25.089605734767023
7553,43,3,2018-06-23,Mexico,South Korea,0,2,1,1.8775517199999998,0.821793252,35.714285714285715,57.89473684210527,23.459715639810426
7552,43,3,2018-06-23,Belgium,Tunisia,1,5,2,5.336422204999999,1.1881780826,47.82608695652174,50.424628450106155,26.27551020408163
7552,43,3,2018-06-23,Tunisia,Belgium,0,2,5,1.1881780826,5.336422204999999,29.411764705882355,49.575371549893845,27.807486631016044
7555,43,3,2018-06-24,Poland,Colombia,1,0,3,1.1141978379999997,1.3869427573000002,18.181818181818183,44.97991967871486,27.35294117647059
7555,43,3,2018-06-24,Colombia,Poland,0,3,0,1.3869427573000002,1.1141978379999997,23.076923076923077,55.020080321285135,22.482435597189696
7556,43,3,2018-06-24,Japan,Senegal,1,2,2,0.982192996,1.8782642930000002,42.857142857142854,54.83870967741935,26.08695652173913
7556,43,3,2018-06-24,Senegal,Japan,0,2,2,1.8782642930000002,0.982192996,46.666666666666664,45.16129032258064,28.07017543859649
7554,43,3,2018-06-24,England,Panama,1,6,1,3.168321031,1.0800387518,63.63636363636363,59.92102665350444,14.855072463768115
7554,43,3,2018-06-24,Panama,England,0,1,6,1.0800387518,3.168321031,25.0,40.07897334649556,17.765042979942695
7559,43,3,2018-06-25,Saudi Arabia,Egypt,1,2,1,2.545815476,0.92372594,33.33333333333333,64.00759734093067,15.619694397283531
7559,43,3,2018-06-25,Egypt,Saudi Arabia,0,1,2,0.92372594,2.545815476,12.5,35.99240265906933,26.71232876712329
7557,43,3,2018-06-25,Iran,Portugal,1,1,1,1.5769696039999999,1.5224178248,22.22222222222222,27.502876869965476,35.064935064935064
7557,43,3,2018-06-25,Portugal,Iran,0,1,1,1.5224178248,1.5769696039999999,26.666666666666668,72.49712313003452,17.60299625468165
7560,43,3,2018-06-25,Spain,Morocco,1,2,2,2.6044931,1.0717606750000002,16.666666666666664,75.0,13.333333333333334
7560,43,3,2018-06-25,Morocco,Spain,0,2,2,1.0717606750000002,2.6044931,37.5,25.0,20.32085561497326
7558,43,3,2018-06-25,Uruguay,Russia,1,3,0,2.4825809298,0.180184531,37.5,58.05739514348785,22.018348623853214
7558,43,3,2018-06-25,Russia,Uruguay,0,0,3,0.180184531,2.4825809298,33.33333333333333,41.94260485651214,26.20689655172414
7563,43,3,2018-06-26,Denmark,France,1,0,0,0.13895808480000002,0.41814049500000006,20.0,32.85302593659942,21.1864406779661
7563,43,3,2018-06-26,France,Denmark,0,0,0,0.41814049500000006,0.13895808480000002,36.36363636363637,67.14697406340058,18.58108108108108
7561,43,3,2018-06-26,Iceland,Croatia,1,1,2,2.1326869014999996,0.6739287970000001,35.294117647058826,38.22170900692841,31.69642857142857
7561,43,3,2018-06-26,Croatia,Iceland,0,2,1,0.6739287970000001,2.1326869014999996,15.384615384615385,61.77829099307159,20.39911308203991
7562,43,3,2018-06-26,Australia,Peru,1,0,2,1.629269625,0.3363750876,12.5,57.15705765407555,30.265848670756647
7562,43,3,2018-06-26,Peru,Australia,0,2,0,0.3363750876,1.629269625,75.0,42.84294234592445,21.407624633431084
7564,43,3,2018-06-26,Nigeria,Argentina,1,1,2,1.305345181,0.8505598590000001,33.33333333333333,35.11450381679389,28.57142857142857
7564,43,3,2018-06-26,Argentina,Nigeria,0,2,1,0.8505598590000001,1.305345181,37.5,64.8854961832061,18.16283924843424
7567,43,3,2018-06-27,South Korea,Germany,1,2,0,1.774630282,2.7064005620000002,41.66666666666667,26.08257804632427,34.23913043478261
7567,43,3,2018-06-27,Germany,South Korea,0,0,2,2.7064005620000002,1.774630282,20.689655172413794,73.91742195367573,19.17591125198098
7568,43,3,2018-06-27,Switzerland,Costa Rica,1,2,2,1.2196792517,1.576212685,23.076923076923077,62.17345872518286,22.31075697211155
7568,43,3,2018-06-27,Costa Rica,Switzerland,0,2,2,1.576212685,1.2196792517,42.857142857142854,37.82654127481714,29.642857142857142
7565,43,3,2018-06-27,Serbia,Brazil,1,0,2,0.9483194610000001,1.419809182,9.090909090909092,40.63636363636364,22.551928783382788
7565,43,3,2018-06-27,Brazil,Serbia,0,2,0,1.419809182,0.9483194610000001,46.666666666666664,59.36363636363636,14.466546112115733
7566,43,3,2018-06-27,Mexico,Sweden,1,0,3,1.6107035277000001,2.7904868150000004,13.636363636363635,66.66666666666666,17.82178217821782
7566,43,3,2018-06-27,Sweden,Mexico,0,3,0,2.7904868150000004,1.6107035277000001,33.33333333333333,33.33333333333333,28.947368421052634
7571,43,3,2018-06-28,Senegal,Colombia,1,0,1,0.360865074,0.28486186999999996,42.857142857142854,41.30982367758186,29.914529914529915
7571,43,3,2018-06-28,Colombia,Senegal,0,1,0,0.28486186999999996,0.360865074,50.0,58.69017632241813,27.932960893854748
7570,43,3,2018-06-28,England,Belgium,1,0,1,1.2006863693,0.965334323,8.333333333333332,47.46075715604802,21.52777777777778
7570,43,3,2018-06-28,Belgium,England,0,1,0,0.965334323,1.2006863693,21.428571428571427,52.53924284395198,17.864476386036962
7572,43,3,2018-06-28,Japan,Poland,1,0,1,0.8906295785,1.040714051,27.27272727272727,54.05156537753223,20.162932790224033
7572,43,3,2018-06-28,Poland,Japan,0,1,0,1.040714051,0.8906295785,18.181818181818183,45.94843462246777,22.75
7569,43,3,2018-06-28,Panama,Tunisia,1,1,2,0.6907955865,2.852455004,44.44444444444444,30.990415335463258,27.22772277227723
7569,43,3,2018-06-28,Tunisia,Panama,0,2,1,2.852455004,0.6907955865,40.0,69.00958466453673,21.755027422303474
7580,43,3,2018-06-30,France,Argentina,1,4,3,1.6380270319999999,1.446559447,44.44444444444444,39.548022598870055,22.968197879858657
7580,43,3,2018-06-30,Argentina,France,0,3,4,1.446559447,1.6380270319999999,33.33333333333333,60.451977401129945,15.178571428571427
7579,43,3,2018-06-30,Uruguay,Portugal,1,2,1,0.47600794099999993,0.9955767281,42.857142857142854,32.918552036199095,35.78947368421053
7579,43,3,2018-06-30,Portugal,Uruguay,0,1,2,0.9955767281,0.47600794099999993,19.047619047619047,67.0814479638009,17.695473251028808
7582,43,3,2018-07-01,Spain,Russia,1,1,1,5.358603154,4.5404268089999995,48.275862068965516,78.0175320296696,14.717348927875243
7582,43,3,2018-07-01,Russia,Spain,0,1,1,4.5404268089999995,5.358603154,41.66666666666667,21.98246797033041,28.837209302325583
7581,43,3,2018-07-01,Croatia,Denmark,1,1,1,6.087735598,4.613994755,42.30769230769231,53.37078651685393,21.27659574468085
7581,43,3,2018-07-01,Denmark,Croatia,0,1,1,4.613994755,6.087735598,42.10526315789473,46.62921348314607,28.764044943820227
7584,43,3,2018-07-02,Belgium,Japan,1,3,2,2.9178317195,0.6937694522000001,25.0,57.48837209302325,22.137404580152673
7584,43,3,2018-07-02,Japan,Belgium,0,2,3,0.6937694522000001,2.9178317195,33.33333333333333,42.51162790697675,19.00826446280992
7583,43,3,2018-07-02,Brazil,Mexico,1,2,0,3.320421268,0.58279982,52.63157894736842,48.86769964243147,23.636363636363637
7583,43,3,2018-07-02,Mexico,Brazil,0,0,2,0.58279982,3.320421268,7.142857142857142,51.13230035756854,25.495750708215297
7586,43,3,2018-07-03,Sweden,Switzerland,1,1,0,0.910466011,0.5329880485,25.0,33.07943416757345,32.17821782178218
7586,43,3,2018-07-03,Switzerland,Sweden,0,0,1,0.5329880485,0.910466011,18.75,66.92056583242655,16.862745098039216
7585,43,3,2018-07-03,Colombia,England,1,1,1,4.7486502155000005,6.161789848,42.10526315789473,47.88975021533161,22.843822843822846
7585,43,3,2018-07-03,England,Colombia,0,1,1,6.161789848,4.7486502155000005,31.818181818181817,52.1102497846684,30.18867924528302
8650,43,3,2018-07-06,Brazil,Belgium,1,1,2,2.6091956661999998,0.40525613299999996,36.0,58.01526717557252,19.389978213507625
8650,43,3,2018-07-06,Belgium,Brazil,0,2,1,0.40525613299999996,2.6091956661999998,37.5,41.98473282442748,27.741935483870968
8649,43,3,2018-07-06,Uruguay,France,1,0,2,0.693195278,0.5387829577000001,40.0,38.3025027203482,27.188940092165897
8649,43,3,2018-07-06,France,Uruguay,0,2,0,0.5387829577000001,0.693195278,18.181818181818183,61.69749727965179,17.97752808988764
8651,43,3,2018-07-07,Sweden,England,1,0,2,0.834186639,0.75823599,37.5,41.53686396677051,31.958762886597935
8651,43,3,2018-07-07,England,Sweden,0,2,0,0.75823599,0.834186639,16.666666666666664,58.46313603322949,20.657276995305164
8652,43,3,2018-07-07,Russia,Croatia,1,2,2,4.988439122,5.567974576,55.55555555555556,35.1010101010101,28.57142857142857
8652,43,3,2018-07-07,Croatia,Russia,0,2,2,5.567974576,4.988439122,39.130434782608695,64.8989898989899,19.43986820428336
8655,43,3,2018-07-10,France,Belgium,1,1,0,1.681686764,0.5668682939999999,26.31578947368421,37.07070707070707,24.58471760797342
8655,43,3,2018-07-10,Belgium,France,0,0,1,0.5668682939999999,1.681686764,22.22222222222222,62.929292929292934,17.122040072859747
8656,43,3,2018-07-11,Croatia,England,1,2,1,2.1413194335,0.5466641000000001,31.818181818181817,54.98742665549036,27.235772357723576
8656,43,3,2018-07-11,England,Croatia,0,1,2,0.5466641000000001,2.1413194335,9.090909090909092,45.01257334450964,27.29528535980149
8657,43,3,2018-07-14,Belgium,England,1,2,0,1.32065846,1.335356625,36.36363636363637,42.14527027027027,22.950819672131146
8657,43,3,2018-07-14,England,Belgium,0,0,2,1.335356625,1.32065846,33.33333333333333,57.854729729729726,15.347334410339256
8658,43,3,2018-07-15,France,Croatia,1,4,2,1.097963608,1.4802876897,75.0,34.515366430260045,30.693069306930692
8658,43,3,2018-07-15,Croatia,France,0,2,4,1.4802876897,1.097963608,20.0,65.48463356973994,19.866071428571427
3788741,55,43,2021-06-11,Turkey,Italy,1,0,3,0.151005756,1.590934893,0.0,36.827195467422094,20.521172638436482
3788741,55,43,2021-06-11,Italy,Turkey,0,3,0,1.590934893,0.151005756,33.33333333333333,63.172804532577906,19.410745233968804
3788742,55,43,2021-06-12,Denmark,Finland,1,0,1,1.9525803769999999,0.2884817,27.27272727272727,68.83248730964468,17.10758377425044
3788742,55,43,2021-06-12,Finland,Denmark,0,1,0,0.2884817,1.9525803769999999,100.0,31.16751269035533,27.80487804878049
3788744,55,43,2021-06-12,Wales,Switzerland,1,1,1,0.575944251,1.5598775150000002,22.22222222222222,36.88340807174888,26.848249027237355
3788744,55,43,2021-06-12,Switzerland,Wales,0,1,1,1.5598775150000002,0.575944251,22.22222222222222,63.11659192825112,20.545073375262053
3788743,55,43,2021-06-12,Belgium,Russia,1,3,0,1.393354907,0.257274859,44.44444444444444,65.54982817869416,17.037037037037038
3788743,55,43,2021-06-12,Russia,Belgium,0,0,3,0.257274859,1.393354907,20.0,34.450171821305844,18.493150684931507
3788747,55,43,2021-06-13,Austria,North Macedonia,1,3,1,1.441362828,0.839890515,60.0,63.28451882845189,22.6
3788747,55,43,2021-06-13,North Macedonia,Austria,0,1,3,0.839890515,1.441362828,28.57142857142857,36.71548117154811,25.0
3788745,55,43,2021-06-13,England,Croatia,1,1,0,0.706855833,0.3400918204,25.0,49.317943336831064,16.879795396419436
3788745,55,43,2021-06-13,Croatia,England,0,0,1,0.3400918204,0.706855833,12.5,50.682056663168936,18.765432098765434
3788746,55,43,2021-06-13,Netherlands,Ukraine,1,3,2,1.429754443,0.5936840239999999,46.666666666666664,61.09185441941074,18.69009584664537
3788746,55,43,2021-06-13,Ukraine,Netherlands,0,2,3,0.5936840239999999,1.429754443,71.42857142857143,38.908145580589256,21.25340599455041
3788748,55,43,2021-06-14,Scotland,Czech Republic,1,0,2,1.7326947060000004,0.8108252390000001,21.052631578947366,56.58042744656918,22.020725388601036
3788748,55,43,2021-06-14,Czech Republic,Scotland,0,2,0,0.8108252390000001,1.7326947060000004,70.0,43.41957255343082,22.962962962962962
3788750,55,43,2021-06-14,Spain,Sweden,1,0,0,1.9276115939999998,0.815837758,29.411764705882355,84.53976764968722,14.26872770511296
3788750,55,43,2021-06-14,Sweden,Spain,0,0,0,0.815837758,1.9276115939999998,0.0,15.460232350312781,34.04255319148936
3788749,55,43,2021-06-14,Poland,Slovakia,1,1,2,1.3888400450000002,0.35378829000000006,22.22222222222222,57.72994129158513,18.533604887983707
3788749,55,43,2021-06-14,Slovakia,Poland,0,2,1,0.35378829000000006,1.3888400450000002,18.181818181818183,42.27005870841487,21.448467966573816
3788752,55,43,2021-06-15,Hungary,Portugal,1,0,3,0.19762133170000004,2.681033704,60.0,31.24397299903568,27.27272727272727
3788752,55,43,2021-06-15,Portugal,Hungary,0,3,0,2.681033704,0.19762133170000004,63.63636363636363,68.75602700096431,20.095693779904305
3788751,55,43,2021-06-15,France,Germany,1,1,0,0.446023905,0.8254194279999999,25.0,38.7123745819398,21.066666666666666
3788751,55,43,2021-06-15,Germany,France,0,0,1,0.8254194279999999,0.446023905,10.0,61.2876254180602,24.06832298136646
3788753,55,43,2021-06-16,Finland,Russia,1,0,1,0.9650532400000001,1.25900864,9.090909090909092,40.7514450867052,23.546511627906977
3788753,55,43,2021-06-16,Russia,Finland,0,1,0,1.25900864,0.9650532400000001,21.428571428571427,59.2485549132948,22.309197651663403
3788755,55,43,2021-06-16,Turkey,Wales,1,0,2,1.310312803,2.873955951,27.77777777777778,61.904761904761905,25.267665952890795
3788755,55,43,2021-06-16,Wales,Turkey,0,2,0,2.873955951,1.310312803,43.75,38.095238095238095,31.25
3788754,55,43,2021-06-16,Italy,Switzerland,1,3,0,1.705836299,0.3338159763,23.076923076923077,49.59713518352731,22.526315789473685
3788754,55,43,2021-06-16,Switzerland,Italy,0,0,3,0.3338159763,1.705836299,16.666666666666664,50.40286481647269,21.73913043478261
3788757,55,43,2021-06-17,Denmark,Belgium,1,1,2,1.623030179,1.051880688,23.809523809523807,46.29794826048171,20.36613272311213
3788757,55,43,2021-06-17,Belgium,Denmark,0,2,1,1.051880688,1.623030179,66.66666666666666,53.70205173951829,19.922630560928432
3788758,55,43,2021-06-17,Ukraine,North Macedonia,1,2,1,3.240517477,1.9846738296999997,52.94117647058824,52.43243243243243,19.80440097799511
3788758,55,43,2021-06-17,North Macedonia,Ukraine,0,1,2,1.9846738296999997,3.240517477,38.46153846153847,47.56756756756757,23.013698630136986
3788756,55,43,2021-06-17,Netherlands,Austria,1,2,0,3.3375352969999996,0.398053917,21.428571428571427,47.98464491362764,28.14814814814815
3788756,55,43,2021-06-17,Austria,Netherlands,0,0,2,0.398053917,3.3375352969999996,11.11111111111111,52.01535508637236,23.4375
3788759,55,43,2021-06-18,England,Scotland,1,0,0,0.853936647,0.735449749,11.11111111111111,60.228452751817244,20.077972709551656
3788759,55,43,2021-06-18,Scotland,England,0,0,0,0.735449749,0.853936647,9.090909090909092,39.77154724818276,23.300970873786408
3788760,55,43,2021-06-18,Croatia,Czech Republic,1,1,1,0.990171757,1.912632538,18.181818181818183,49.78586723768736,25.925925925925924
3788760,55,43,2021-06-18,Czech Republic,Croatia,0,1,1,1.912632538,0.990171757,9.090909090909092,50.21413276231264,25.0
3788761,55,43,2021-06-18,Sweden,Slovakia,1,1,0,1.583975065,0.553247628,30.76923076923077,42.37442922374429,22.193211488250654
3788761,55,43,2021-06-18,Slovakia,Sweden,0,0,1,0.553247628,1.583975065,0.0,57.62557077625571,18.345323741007196
3788762,55,43,2021-06-19,Spain,Poland,1,1,1,2.6148732605,0.552257631,41.66666666666667,75.70281124497991,20.820668693009118
3788762,55,43,2021-06-19,Poland,Spain,0,1,1,0.552257631,2.6148732605,40.0,24.29718875502008,30.136986301369863
3788764,55,43,2021-06-19,Portugal,Germany,1,2,4,1.9357408962999998,2.1305451870000005,28.57142857142857,42.58188824662813,23.86058981233244
3788764,55,43,2021-06-19,Germany,Portugal,0,4,2,2.1305451870000005,1.9357408962999998,53.84615384615385,57.41811175337187,20.373831775700936
3788763,55,43,2021-06-19,Hungary,France,1,1,1,0.4734930965,1.6900278829,60.0,35.14285714285714,19.112627986348123
3788763,55,43,2021-06-19,France,Hungary,0,1,1,1.6900278829,0.4734930965,23.52941176470588,64.85714285714286,17.520661157024794
3788765,55,43,2021-06-20,Switzerland,Turkey,1,3,1,1.983954377,1.2448445629999998,43.47826086956522,50.29239766081871,24.03628117913832
3788765,55,43,2021-06-20,Turkey,Switzerland,0,1,3,1.2448445629999998,1.983954377,30.0,49.707602339181285,16.40091116173121
3788766,55,43,2021-06-20,Italy,Wales,1,1,0,1.6691235115,0.240742905,30.434782608695656,69.65669988925804,14.982578397212542
3788766,55,43,2021-06-20,Wales,Italy,0,0,1,0.240742905,1.6691235115,33.33333333333333,30.34330011074197,22.274881516587676
3788768,55,43,2021-06-21,Finland,Belgium,1,0,2,0.240216078,1.140447022,14.285714285714285,39.182282793867124,21.108179419525065
3788768,55,43,2021-06-21,Belgium,Finland,0,2,0,1.140447022,0.240216078,41.17647058823529,60.81771720613288,16.275430359937403
3788770,55,43,2021-06-21,North Macedonia,Netherlands,1,0,3,0.7442149951999999,3.219898946,7.6923076923076925,41.493383742911156,25.833333333333336
3788770,55,43,2021-06-21,Netherlands,North Macedonia,0,3,0,3.219898946,0.7442149951999999,41.17647058823529,58.50661625708885,25.23719165085389
3788767,55,43,2021-06-21,Ukraine,Austria,1,0,1,0.4102860215,1.4935062389999998,20.0,49.60238568588469,22.63681592039801
3788767,55,43,2021-06-21,Austria,Ukraine,0,1,0,1.4935062389999998,0.4102860215,22.22222222222222,50.397614314115316,20.398009950248756
3788769,55,43,2021-06-21,Russia,Denmark,1,1,4,1.0909500479999998,2.3303648025,33.33333333333333,34.777376654632974,32.48730964467005
3788769,55,43,2021-06-21,Denmark,Russia,0,4,1,2.3303648025,1.0909500479999998,56.25,65.22262334536703,22.07207207207207
3788772,55,43,2021-06-22,Czech Republic,England,1,0,1,0.393042279,0.642329757,14.285714285714285,43.69918699186992,21.55688622754491
3788772,55,43,2021-06-22,England,Czech Republic,0,1,0,0.642329757,0.393042279,50.0,56.30081300813008,22.294372294372295
3788771,55,43,2021-06-22,Croatia,Scotland,1,3,1,0.781477187,1.111449129,63.63636363636363,65.52734375,18.35016835016835
3788771,55,43,2021-06-22,Scotland,Croatia,0,1,3,1.111449129,0.781477187,27.27272727272727,34.47265625,25.757575757575758
3788776,55,43,2021-06-23,Sweden,Poland,1,3,2,1.0417911869999998,1.660805085,36.36363636363637,33.293413173652695,29.447852760736197
3788776,55,43,2021-06-23,Poland,Sweden,0,2,3,1.660805085,1.0417911869999998,33.33333333333333,66.7065868263473,22.35294117647059
3788775,55,43,2021-06-23,Slovakia,Spain,1,0,5,0.093042789,3.2230936640000003,0.0,34.39252336448598,23.890784982935152
3788775,55,43,2021-06-23,Spain,Slovakia,0,5,0,3.2230936640000003,0.093042789,47.368421052631575,65.60747663551402,20.602218700475436
3788773,55,43,2021-06-23,Portugal,France,1,2,2,2.0424181619999997,1.5066179440000003,50.0,47.3998294970162,16.831683168316832
3788773,55,43,2021-06-23,France,Portugal,0,2,2,1.5066179440000003,2.0424181619999997,45.45454545454545,52.6001705029838,15.087719298245613
3788774,55,43,2021-06-23,Germany,Hungary,1,2,2,2.0976953369999998,0.7371347775000001,33.33333333333333,75.43352601156069,18.76790830945559
3788774,55,43,2021-06-23,Hungary,Germany,0,2,2,0.7371347775000001,2.0976953369999998,33.33333333333333,24.566473988439306,30.270270270270274
3794685,55,43,2021-06-26,Italy,Austria,1,2,1,1.517068981,1.038545864,23.076923076923077,51.61290322580645,22.749590834697216
3794685,55,43,2021-06-26,Austria,Italy,0,1,2,1.038545864,1.517068981,18.75,48.38709677419355,25.32347504621072
3794689,55,43,2021-06-26,Wales,Denmark,1,0,4,0.5984307450000002,2.155292811,9.090909090909092,47.45762711864407,21.282798833819243
3794689,55,43,2021-06-26,Denmark,Wales,0,4,0,2.155292811,0.5984307450000002,50.0,52.54237288135594,22.486772486772484
3794687,55,43,2021-06-27,Belgium,Portugal,1,1,0,0.224335605,1.2147520605000002,16.666666666666664,42.77929155313351,22.081218274111674
3794687,55,43,2021-06-27,Portugal,Belgium,0,0,1,1.2147520605000002,0.224335605,17.391304347826086,57.22070844686649,17.89667896678967
3794690,55,43,2021-06-27,Netherlands,Czech Republic,1,0,2,0.838034224,1.273121118,0.0,51.461988304093566,24.148606811145513
3794690,55,43,2021-06-27,Czech Republic,Netherlands,0,2,0,1.273121118,0.838034224,41.66666666666667,48.53801169590643,26.517571884984026
3794691,55,43,2021-06-28,France,Switzerland,1,3,3,6.5633896124,5.7715444445,41.935483870967744,54.41412520064205,19.759450171821307
3794691,55,43,2021-06-28,Switzerland,France,0,3,3,5.7715444445,6.5633896124,55.55555555555556,45.585874799357946,26.260504201680675
3794686,55,43,2021-06-28,Croatia,Spain,1,3,5,2.7882244170000003,2.780002721,54.54545454545454,34.13597733711048,29.15601023017903
3794686,55,43,2021-06-28,Spain,Croatia,0,5,3,2.780002721,2.7882244170000003,41.66666666666667,65.86402266288952,20.072551390568318
3794688,55,43,2021-06-29,England,Germany,1,2,0,1.163511151,1.058547575,80.0,46.03481624758221,21.518987341772153
3794688,55,43,2021-06-29,Germany,England,0,0,2,1.058547575,1.163511151,33.33333333333333,53.9651837524178,20.851063829787233
3794692,55,43,2021-06-29,Sweden,Ukraine,1,1,2,0.9119222929999999,1.3442882549999997,23.076923076923077,46.377792823290456,18.947368421052634
3794692,55,43,2021-06-29,Ukraine,Sweden,0,2,1,1.3442882549999997,0.9119222929999999,26.666666666666668,53.622207176709544,14.30635838150289
3795108,55,43,2021-07-02,Switzerland,Spain,1,1,1,3.9577571380000003,6.928069084,41.66666666666667,27.952480782669465,29.602888086642597
3795108,55,43,2021-07-02,Spain,Switzerland,0,1,1,6.928069084,3.9577571380000003,44.11764705882353,72.04751921733053,18.872017353579178
3795107,55,43,2021-07-02,Belgium,Italy,1,1,2,1.8028032259999998,1.1425686830000001,30.0,46.88715953307393,17.468354430379744
3795107,55,43,2021-07-02,Italy,Belgium,0,2,1,1.1425686830000001,1.8028032259999998,28.57142857142857,53.11284046692607,17.078189300411523
3795187,55,43,2021-07-03,Ukraine,England,1,0,4,0.337611863,1.215532939,28.57142857142857,48.07692307692308,11.296296296296296
3795187,55,43,2021-07-03,England,Ukraine,0,4,0,1.215532939,0.337611863,60.0,51.92307692307693,13.242784380305602
3795109,55,43,2021-07-03,Czech Republic,Denmark,1,1,2,1.1616771149999998,1.2119879150000001,31.25,56.07064017660044,24.427480916030532
3795109,55,43,2021-07-03,Denmark,Czech Republic,0,2,1,1.2119879150000001,1.1616771149999998,63.63636363636363,43.92935982339956,28.990228013029316
3795220,55,43,2021-07-06,Italy,Spain,1,1,1,4.315650622,4.53613009,75.0,30.999270605397523,24.610591900311526
3795220,55,43,2021-07-06,Spain,Italy,0,1,1,4.53613009,4.315650622,35.0,69.00072939460247,17.286914765906364
3795221,55,43,2021-07-07,England,Denmark,1,2,1,3.050196702,0.37552856700000004,47.61904761904761,58.463832960477255,17.5
3795221,55,43,2021-07-07,Denmark,England,0,1,2,0.37552856700000004,3.050196702,50.0,41.536167039522745,20.982142857142858
3795506,55,43,2021-07-11,Italy,England,1,1,1,5.999364604499999,4.3437109629999995,45.83333333333333,65.55555555555556,14.212548015364918
3795506,55,43,2021-07-11,England,Italy,0,1,1,4.3437109629999995,5.999364604499999,45.45454545454545,34.44444444444444,24.786324786324787
3857286,43,106,2022-11-20,Qatar,Ecuador,1,0,2,0.30418895050000005,1.1540112984,0.0,47.41641337386018,19.3717277486911
3857286,43,106,2022-11-20,Ecuador,Qatar,0,2,0,1.1540112984,0.30418895050000005,50.0,52.58358662613982,17.824074074074073
3857282,43,106,2022-11-21,United States,Wales,1,1,1,0.6024987946,1.395336012,16.666666666666664,57.92972459639126,21.73076923076923
3857282,43,106,2022-11-21,Wales,United States,0,1,1,1.395336012,0.6024987946,42.857142857142854,42.07027540360874,27.13864306784661
3857271,43,106,2022-11-21,England,Iran,1,6,2,1.987157745,1.4556585987,53.84615384615385,77.40164684354987,19.034852546916888
3857271,43,106,2022-11-21,Iran,England,0,2,6,1.4556585987,1.987157745,37.5,22.598353156450138,26.380368098159508
3857285,43,106,2022-11-21,Senegal,Netherlands,1,0,2,0.6914927064999999,1.1238838,26.666666666666668,46.68838219326818,19.476744186046513
3857285,43,106,2022-11-21,Netherlands,Senegal,0,2,0,1.1238838,0.6914927064999999,30.0,53.31161780673182,21.374045801526716
3857279,43,106,2022-11-22,France,Australia,1,4,1,3.170495788,0.32329254,26.08695652173913,61.63166397415186,16.029411764705884
3857279,43,106,2022-11-22,Australia,France,0,1,4,0.32329254,3.170495788,25.0,38.368336025848144,21.573604060913706
3857254,43,106,2022-11-22,Denmark,Tunisia,1,0,0,1.566558758,1.0599351179999998,45.45454545454545,60.77140169332079,22.610294117647058
3857254,43,106,2022-11-22,Tunisia,Denmark,0,0,0,1.0599351179999998,1.566558758,7.6923076923076925,39.22859830667921,21.904761904761905
3857300,43,106,2022-11-22,Argentina,Saudi Arabia,1,1,2,2.491633446,0.153461642,40.0,69.31330472103005,18.081180811808117
3857300,43,106,2022-11-22,Saudi Arabia,Argentina,0,2,1,0.153461642,2.491633446,66.66666666666666,30.686695278969957,22.33502538071066
3857265,43,106,2022-11-22,Mexico,Poland,1,0,0,0.5291349314,1.137926228,36.36363636363637,60.04415011037527,22.42562929061785
3857265,43,106,2022-11-22,Poland,Mexico,0,0,0,1.137926228,0.5291349314,33.33333333333333,39.95584988962472,25.482625482625483
3857284,43,106,2022-11-23,Germany,Japan,1,1,2,2.7680194209999995,1.249259581,34.61538461538461,73.75,20.33195020746888
3857284,43,106,2022-11-23,Japan,Germany,0,2,1,1.249259581,2.7680194209999995,33.33333333333333,26.25,26.51162790697674
3857268,43,106,2022-11-23,Belgium,Canada,1,1,0,0.6700408539999999,2.5462123360000004,33.33333333333333,52.662721893491124,19.51219512195122
3857268,43,106,2022-11-23,Canada,Belgium,0,0,1,2.5462123360000004,0.6700408539999999,13.636363636363635,47.337278106508876,26.184538653366584
3857277,43,106,2022-11-23,Morocco,Croatia,1,0,0,0.362638976,0.8498605050000001,25.0,35.88785046728972,21.92691029900332
3857277,43,106,2022-11-23,Croatia,Morocco,0,0,0,0.8498605050000001,0.362638976,20.0,64.11214953271028,18.717504332755635
3857291,43,106,2022-11-23,Spain,Costa Rica,1,7,0,2.761923473,0.0,47.05882352941176,81.34328358208955,17.046580773042617
3857291,43,106,2022-11-23,Costa Rica,Spain,0,0,7,0.0,2.761923473,0.0,18.65671641791045,27.906976744186046
3857258,43,106,2022-11-24,Brazil,Serbia,1,2,0,2.1238895187000004,0.16332714399999998,39.130434782608695,58.08270676691729,19.29499072356215
3857258,43,106,2022-11-24,Serbia,Brazil,0,0,2,0.16332714399999998,2.1238895187000004,0.0,41.91729323308271,18.51851851851852
3857287,43,106,2022-11-24,Uruguay,South Korea,1,0,0,0.417294332,0.492992523,10.0,55.179090029041625,20.842105263157894
3857287,43,106,2022-11-24,South Korea,Uruguay,0,0,0,0.492992523,0.417294332,0.0,44.820909970958375,21.937321937321936
3857298,43,106,2022-11-24,Portugal,Ghana,1,3,2,2.096873393,0.7800233097,45.45454545454545,61.57407407407407,18.92361111111111
3857298,43,106,2022-11-24,Ghana,Portugal,0,2,3,0.7800233097,2.096873393,33.33333333333333,38.425925925925924,22.916666666666664
3857290,43,106,2022-11-24,Switzerland,Cameroon,1,1,0,1.426544536,0.6130733495,42.857142857142854,50.73937153419593,23.644251626898047
3857290,43,106,2022-11-24,Cameroon,Switzerland,0,0,1,0.6130733495,1.426544536,62.5,49.26062846580407,20.909090909090907
3857272,43,106,2022-11-25,England,United States,1,0,0,0.460638346,0.514287002,37.5,56.06936416184971,22.6
3857272,43,106,2022-11-25,United States,England,0,0,0,0.514287002,0.460638346,10.0,43.93063583815029,21.485411140583555
3857301,43,106,2022-11-25,Qatar,Senegal,1,1,3,0.9600861730000001,0.9029646219999999,30.0,45.24524524524524,24.30939226519337
3857301,43,106,2022-11-25,Senegal,Qatar,0,3,1,0.9029646219999999,0.9600861730000001,33.33333333333333,54.75475475475476,20.562770562770563
3857274,43,106,2022-11-25,Netherlands,Ecuador,1,1,1,0.104464025,1.651054305,50.0,54.38423645320197,23.63238512035011
3857274,43,106,2022-11-25,Ecuador,Netherlands,0,1,1,1.651054305,0.104464025,26.666666666666668,45.61576354679803,22.841225626740947
3857273,43,106,2022-11-25,Wales,Iran,1,0,2,0.6156351910000001,1.4539579476000002,30.0,60.62906724511931,25.799086757990867
3857273,43,106,2022-11-25,Iran,Wales,0,2,0,1.4539579476000002,0.6156351910000001,28.57142857142857,39.37093275488069,36.56387665198238
3857289,43,106,2022-11-26,Argentina,Mexico,1,2,0,0.325204139,0.20639165169999998,40.0,58.453608247422686,16.80672268907563
3857289,43,106,2022-11-26,Mexico,Argentina,0,0,2,0.20639165169999998,0.325204139,25.0,41.54639175257732,18.421052631578945
3857266,43,106,2022-11-26,France,Denmark,1,2,1,1.9335694290000003,0.8885438419999999,28.57142857142857,48.78048780487805,20.689655172413794
3857266,43,106,2022-11-26,Denmark,France,0,1,2,0.8885438419999999,1.9335694290000003,20.0,51.21951219512195,21.50313152400835
3857297,43,106,2022-11-26,Poland,Saudi Arabia,1,2,0,1.7341724849999998,1.971976484,33.33333333333333,36.6702937976061,25.868725868725868
3857297,43,106,2022-11-26,Saudi Arabia,Poland,0,0,2,1.971976484,1.7341724849999998,29.411764705882355,63.32970620239391,20.449897750511248
3857288,43,106,2022-11-26,Tunisia,Australia,1,0,1,1.052170345,0.3590377687,28.57142857142857,57.56302521008403,22.660098522167488
3857288,43,106,2022-11-26,Australia,Tunisia,0,1,0,0.3590377687,1.052170345,22.22222222222222,42.436974789915965,27.73722627737226
3857295,43,106,2022-11-27,Japan,Costa Rica,1,0,1,0.773533495,0.199368384,23.076923076923077,56.84113865932048,20.30360531309298
3857295,43,106,2022-11-27,Costa Rica,Japan,0,1,0,0.199368384,0.773533495,25.0,43.15886134067952,18.449197860962567
3857281,43,106,2022-11-27,Croatia,Canada,1,4,1,2.6102110830000003,0.286795181,76.92307692307693,48.93822393822394,22.871046228710462
3857281,43,106,2022-11-27,Canada,Croatia,0,1,4,0.286795181,2.6102110830000003,25.0,51.061776061776065,25.62929061784897
3857263,43,106,2022-11-27,Spain,Germany,1,1,1,0.6395007165,1.1469521137,42.857142857142854,64.11992263056094,20.242214532871973
3857263,43,106,2022-11-27,Germany,Spain,0,1,1,1.1469521137,0.6395007165,36.36363636363637,35.88007736943907,23.367697594501717
3857283,43,106,2022-11-27,Belgium,Morocco,1,0,2,0.642612082,0.99110855,40.0,66.95238095238095,20.86092715231788
3857283,43,106,2022-11-27,Morocco,Belgium,0,2,0,0.99110855,0.642612082,40.0,33.04761904761905,25.435540069686414
3857270,43,106,2022-11-28,Portugal,Uruguay,1,2,0,1.2137340055999999,1.216681074,20.0,58.83458646616542,20.19047619047619
3857270,43,106,2022-11-28,Uruguay,Portugal,0,0,2,1.216681074,1.2137340055999999,27.27272727272727,41.16541353383459,25.617283950617285
3857259,43,106,2022-11-28,Cameroon,Serbia,1,3,3,2.0703093487,1.738067283,61.53846153846154,42.42749731471536,25.36231884057971
3857259,43,106,2022-11-28,Serbia,Cameroon,0,3,3,1.738067283,2.0703093487,33.33333333333333,57.57250268528465,25.70093457943925
3857269,43,106,2022-11-28,Brazil,Switzerland,1,1,0,0.922729946,0.288629175,38.46153846153847,53.783783783783775,16.962524654832347
3857269,43,106,2022-11-28,Switzerland,Brazil,0,0,1,0.288629175,0.922729946,0.0,46.21621621621622,20.327102803738317
3857299,43,106,2022-11-28,South Korea,Ghana,1,2,3,1.3677928149999996,1.1805358279999998,28.57142857142857,64.02116402116403,22.44488977955912
3857299,43,106,2022-11-28,Ghana,South Korea,0,3,2,1.1805358279999998,1.3677928149999996,42.857142857142854,35.978835978835974,19.924812030075188
3857267,43,106,2022-11-29,Ecuador,Senegal,1,1,2,1.001662787,1.7074647099999998,44.44444444444444,59.92268041237113,24.585635359116022
3857267,43,106,2022-11-29,Senegal,Ecuador,0,2,1,1.7074647099999998,1.001662787,23.076923076923077,40.07731958762887,32.863849765258216
3857294,43,106,2022-11-29,Netherlands,Qatar,1,2,0,1.7139532729999998,0.143716575,30.76923076923077,63.12594840667678,18.87550200803213
3857294,43,106,2022-11-29,Qatar,Netherlands,0,0,2,0.143716575,1.7139532729999998,60.0,36.874051593323216,17.67676767676768
3857278,43,106,2022-11-29,Iran,United States,1,0,1,0.9207899420000001,1.169654601,25.0,49.9031007751938,24.875621890547265
3857278,43,106,2022-11-29,United States,Iran,0,1,0,1.169654601,0.9207899420000001,41.66666666666667,50.0968992248062,27.93427230046948
3857261,43,106,2022-11-29,Wales,England,1,0,3,0.208009498,2.91548517,14.285714285714285,35.77981651376147,21.16788321167883
3857261,43,106,2022-11-29,England,Wales,0,3,0,2.91548517,0.208009498,38.88888888888889,64.22018348623854,18.264014466546115
3857257,43,106,2022-11-30,Australia,Denmark,1,1,0,0.469723377,0.737154632,50.0,32.863849765258216,36.986301369863014
3857257,43,106,2022-11-30,Denmark,Australia,0,0,1,0.737154632,0.469723377,28.57142857142857,67.13615023474179,22.54237288135593
3857264,43,106,2022-11-30,Poland,Argentina,1,0,2,0.197595245,3.0766596990000004,0.0,27.046548956661315,21.34831460674157
3857264,43,106,2022-11-30,Argentina,Poland,0,2,0,3.0766596990000004,0.197595245,54.166666666666664,72.95345104333867,15.012106537530268
3857260,43,106,2022-11-30,Saudi Arabia,Mexico,1,1,2,1.076111142,2.3221233279,20.0,39.75308641975309,38.144329896907216
3857260,43,106,2022-11-30,Mexico,Saudi Arabia,0,2,1,2.3221233279,1.076111142,38.46153846153847,60.24691358024692,26.158038147138964
3857275,43,106,2022-11-30,Tunisia,France,1,1,0,0.298346986,0.47698937399999997,60.0,35.32289628180039,28.72727272727273
3857275,43,106,2022-11-30,France,Tunisia,0,0,1,0.47698937399999997,0.298346986,30.0,64.67710371819962,19.680851063829788
3857296,43,106,2022-12-01,Croatia,Belgium,1,0,0,0.695021896,2.3818400918,36.36363636363637,49.152542372881356,20.817120622568094
3857296,43,106,2022-12-01,Belgium,Croatia,0,0,0,2.3818400918,0.695021896,18.75,50.847457627118644,18.047882136279927
3857255,43,106,2022-12-01,Japan,Spain,1,2,1,1.157800672,0.8577122079999998,50.0,18.796433878157504,25.423728813559322
3857255,43,106,2022-12-01,Spain,Japan,0,1,2,0.8577122079999998,1.157800672,41.66666666666667,81.2035661218425,11.178247734138973
3857276,43,106,2022-12-01,Canada,Morocco,1,1,2,1.095618012,0.42640382499999996,0.0,58.84816753926702,22.708333333333332
3857276,43,106,2022-12-01,Morocco,Canada,0,2,1,0.42640382499999996,1.095618012,28.57142857142857,41.15183246073298,24.516129032258064
3857292,43,106,2022-12-01,Costa Rica,Germany,1,2,4,1.0347440669999999,4.316106397,71.42857142857143,32.80701754385965,30.633802816901408
3857292,43,106,2022-12-01,Germany,Costa Rica,0,4,2,4.316106397,1.0347440669999999,35.483870967741936,67.19298245614034,24.06576980568012
3857256,43,106,2022-12-02,Serbia,Switzerland,1,2,3,1.189003535,3.1035154719999998,33.33333333333333,53.93374741200828,23.095823095823096
3857256,43,106,2022-12-02,Switzerland,Serbia,0,3,2,3.1035154719999998,1.189003535,50.0,46.06625258799172,26.011560693641616
3857262,43,106,2022-12-02,South Korea,Portugal,1,2,1,1.398982474,0.973722266,50.0,38.530287984111226,26.21359223300971
3857262,43,106,2022-12-02,Portugal,South Korea,0,1,2,0.973722266,1.398982474,46.15384615384615,61.469712015888774,18.164794007490638
3857280,43,106,2022-12-02,Cameroon,Brazil,1,1,0,0.38336075199999997,2.378218864,42.857142857142854,35.96112311015119,28.346456692913385
3857280,43,106,2022-12-02,Brazil,Cameroon,0,0,1,2.378218864,0.38336075199999997,38.095238095238095,64.03887688984882,22.265625
3857293,43,106,2022-12-02,Ghana,Uruguay,1,0,2,1.3926941409999998,1.6365584506000002,44.44444444444444,51.24740124740125,22.135416666666664
3857293,43,106,2022-12-02,Uruguay,Ghana,0,2,0,1.6365584506000002,1.3926941409999998,50.0,48.75259875259875,28.296703296703296
3869151,43,106,2022-12-03,Argentina,Australia,1,2,1,1.4815793030000002,0.42611782,35.714285714285715,60.3648424543947,16.408668730650156
3869151,43,106,2022-12-03,Australia,Argentina,0,1,2,0.42611782,1.4815793030000002,20.0,39.63515754560531,21.875
3869117,43,106,2022-12-03,Netherlands,United States,1,3,1,1.481948115,1.652097544,54.54545454545454,41.53263954588458,28.012048192771083
3869117,43,106,2022-12-03,United States,Netherlands,0,1,3,1.652097544,1.481948115,33.33333333333333,58.46736045411542,21.442885771543086
3869118,43,106,2022-12-04,England,Senegal,1,3,0,1.020023461,0.972806433,50.0,60.541586073500966,21.455223880597014
3869118,43,106,2022-12-04,Senegal,England,0,0,3,0.972806433,1.020023461,10.0,39.458413926499034,23.8390092879257
3869152,43,106,2022-12-04,France,Poland,1,3,1,1.1263744930000001,1.593527124,50.0,54.85661424606846,18.415841584158414
3869152,43,106,2022-12-04,Poland,France,0,1,3,1.593527124,1.1263744930000001,16.666666666666664,45.14338575393155,21.182266009852217
3869219,43,106,2022-12-05,Japan,Croatia,1,1,1,4.202976766,3.988397506,47.05882352941176,42.23512336719884,20.412844036697248
3869219,43,106,2022-12-05,Croatia,Japan,0,1,1,3.988397506,4.202976766,33.33333333333333,57.76487663280116,20.700152207001523
3869253,43,106,2022-12-05,Brazil,South Korea,1,4,1,3.2614240970000004,0.34482727739999997,55.55555555555556,53.59531772575251,20.49469964664311
3869253,43,106,2022-12-05,South Korea,Brazil,0,1,4,0.34482727739999997,3.2614240970000004,75.0,46.40468227424749,20.588235294117645
3869220,43,106,2022-12-06,Morocco,Spain,1,0,0,3.704374606,2.8454908599,60.0,25.471039776692255,29.2
3869220,43,106,2022-12-06,Spain,Morocco,0,0,0,2.8454908599,3.704374606,20.0,74.52896022330775,13.645833333333332
3869254,43,106,2022-12-06,Portugal,Switzerland,1,6,1,2.2842600070000003,1.271827172,60.0,48.031496062992126,22.772277227722775
3869254,43,106,2022-12-06,Switzerland,Portugal,0,1,6,1.271827172,2.2842600070000003,30.0,51.96850393700787,21.461187214611872
3869420,43,106,2022-12-09,Croatia,Brazil,1,1,1,3.766888804,4.9503305555,38.46153846153847,49.66307277628032,20.187793427230048
3869420,43,106,2022-12-09,Brazil,Croatia,0,1,1,4.9503305555,3.766888804,58.333333333333336,50.33692722371968,19.32515337423313
3869321,43,106,2022-12-09,Netherlands,Argentina,1,2,2,4.487037827,5.856697131000001,58.333333333333336,51.915852742299016,28.146853146853147
3869321,43,106,2022-12-09,Argentina,Netherlands,0,2,2,5.856697131000001,4.487037827,47.368421052631575,48.08414725770098,21.657250470809792
3869354,43,106,2022-12-10,England,France,1,1,2,2.352551477,0.8393620340000001,43.75,57.34989648033127,18.70967741935484
3869354,43,106,2022-12-10,France,England,0,2,1,0.8393620340000001,2.352551477,62.5,42.65010351966873,21.646341463414632
3869486,43,106,2022-12-10,Morocco,Portugal,1,1,0,0.972022875,0.7441207567,33.33333333333333,25.408163265306122,30.434782608695656
3869486,43,106,2022-12-10,Portugal,Morocco,0,0,1,0.7441207567,0.972022875,25.0,74.59183673469387,18.993506493506494
3869519,43,106,2022-12-13,Argentina,Croatia,1,3,0,1.8643632719999998,0.4100536413,77.77777777777779,40.0,18.71508379888268
3869519,43,106,2022-12-13,Croatia,Argentina,0,0,3,0.4100536413,1.8643632719999998,16.666666666666664,60.0,17.71019677996422
3869552,43,106,2022-12-14,France,Morocco,1,2,0,2.002449116,1.23036399,14.285714285714285,38.622754491017965,22.78481012658228
3869552,43,106,2022-12-14,Morocco,France,0,0,2,1.23036399,2.002449116,15.384615384615385,61.377245508982035,21.361058601134218
3869684,43,106,2022-12-17,Croatia,Morocco,1,2,1,0.8492689635999999,0.9914571200000001,33.33333333333333,50.76923076923077,25.968109339407746
3869684,43,106,2022-12-17,Morocco,Croatia,0,1,2,0.9914571200000001,0.8492689635999999,22.22222222222222,49.23076923076923,22.041763341067284
3869685,43,106,2022-12-18,Argentina,France,1,3,3,5.892305926000001,5.406617949,58.333333333333336,54.86935866983374,22.678571428571427
3869685,43,106,2022-12-18,France,Argentina,0,3,3,5.406617949,5.892305926000001,57.14285714285714,45.13064133016627,20.506912442396313
3920384,1267,107,2024-01-13,Côte d'Ivoire,Guinea-Bissau,1,2,0,0.706896166,0.5296147163,40.0,60.28225806451613,17.79497098646035
3920384,1267,107,2024-01-13,Guinea-Bissau,Côte d'Ivoire,0,0,2,0.5296147163,0.706896166,30.0,39.71774193548387,25.609756097560975
3920385,1267,107,2024-01-14,Egypt,Mozambique,1,2,2,1.9291997944000001,0.728198501,22.727272727272727,61.226611226611226,15.0390625
3920385,1267,107,2024-01-14,Mozambique,Egypt,0,2,2,0.728198501,1.9291997944000001,33.33333333333333,38.773388773388774,29.126213592233007
3920387,1267,107,2024-01-14,Ghana,Cape Verde Islands,1,1,2,1.437942942,2.720214145,9.090909090909092,48.06973848069738,20.394736842105264
3920387,1267,107,2024-01-14,Cape Verde Islands,Ghana,0,2,1,2.720214145,1.437942942,33.33333333333333,51.93026151930261,24.04692082111437
3920386,1267,107,2024-01-14,Nigeria,Equatorial Guinea,1,1,1,2.6872513775,0.33208500900000004,36.84210526315789,51.006711409395976,24.82758620689655
3920386,1267,107,2024-01-14,Equatorial Guinea,Nigeria,0,1,1,0.33208500900000004,2.6872513775,12.5,48.99328859060403,22.545454545454547
3920390,1267,107,2024-01-15,Algeria,Angola,1,1,1,0.696929411,1.197465477,18.75,66.55367231638418,18.404907975460123
3920390,1267,107,2024-01-15,Angola,Algeria,0,1,1,1.197465477,0.696929411,14.285714285714285,33.44632768361582,25.233644859813083
3920388,1267,107,2024-01-15,Senegal,Gambia,1,3,0,1.7206512,1.008395458,42.857142857142854,67.11864406779661,24.21875
3920388,1267,107,2024-01-15,Gambia,Senegal,0,0,3,1.008395458,1.7206512,16.666666666666664,32.88135593220339,28.440366972477065
3920389,1267,107,2024-01-15,Cameroon,Guinea,1,1,1,0.8791735999999998,0.7102196794,15.384615384615385,68.82591093117408,21.904761904761905
3920389,1267,107,2024-01-15,Guinea,Cameroon,0,1,1,0.7102196794,0.8791735999999998,33.33333333333333,31.17408906882591,35.61643835616438
3920393,1267,107,2024-01-16,Tunisia,Namibia,1,0,1,0.8706826864999999,1.6100867956999996,33.33333333333333,60.122699386503065,28.53470437017995
3920393,1267,107,2024-01-16,Namibia,Tunisia,0,1,0,1.6100867956999996,0.8706826864999999,30.76923076923077,39.87730061349693,27.3542600896861
3920391,1267,107,2024-01-16,Mali,South Africa,1,2,0,2.3419830654,1.3898648276,43.75,45.20123839009288,21.67630057803468
3920391,1267,107,2024-01-16,South Africa,Mali,0,0,2,1.3898648276,2.3419830654,50.0,54.79876160990712,26.077097505668934
3920392,1267,107,2024-01-16,Burkina Faso,Mauritania,1,1,0,1.1366585009999999,0.515656181,45.45454545454545,62.94765840220386,24.53333333333333
3920392,1267,107,2024-01-16,Mauritania,Burkina Faso,0,0,1,0.515656181,1.1366585009999999,44.44444444444444,37.05234159779614,25.0
3920394,1267,107,2024-01-17,Morocco,Tanzania,1,3,0,2.3002813489999996,0.011926915,46.666666666666664,52.52525252525253,22.566371681415927
3920394,1267,107,2024-01-17,Tanzania,Morocco,0,0,3,0.011926915,2.3002813489999996,0.0,47.474747474747474,17.602040816326532
3920395,1267,107,2024-01-17,Congo DR,Zambia,1,1,1,2.6822564570000007,0.096432803,25.925925925925924,54.95594713656388,22.685185185185187
3920395,1267,107,2024-01-17,Zambia,Congo DR,0,1,1,0.096432803,2.6822564570000007,33.33333333333333,45.04405286343612,24.778761061946902
3920397,1267,107,2024-01-18,Equatorial Guinea,Guinea-Bissau,1,4,2,1.777497407,1.0344140439999998,75.0,51.13636363636363,25.525525525525527
3920397,1267,107,2024-01-18,Guinea-Bissau,Equatorial Guinea,0,2,4,1.0344140439999998,1.777497407,25.0,48.86363636363637,22.073578595317723
3920396,1267,107,2024-01-18,Egypt,Ghana,1,2,2,1.2035801499999998,0.425947081,45.45454545454545,57.434052757793765,16.584158415841586
3920396,1267,107,2024-01-18,Ghana,Egypt,0,2,2,0.425947081,1.2035801499999998,50.0,42.565947242206235,22.22222222222222
3920398,1267,107,2024-01-18,Côte d'Ivoire,Nigeria,1,0,1,0.6072311182,1.575570081,21.428571428571427,63.18681318681318,22.872340425531913
3920398,1267,107,2024-01-18,Nigeria,Côte d'Ivoire,0,1,0,1.575570081,0.6072311182,9.090909090909092,36.81318681318682,34.17085427135678
3920401,1267,107,2024-01-19,Guinea,Gambia,1,1,0,2.438514768,0.254498846,31.25,55.58086560364465,25.0
3920401,1267,107,2024-01-19,Gambia,Guinea,0,0,1,0.254498846,2.438514768,0.0,44.41913439635535,21.9672131147541
3920399,1267,107,2024-01-19,Cape Verde Islands,Mozambique,1,3,0,0.5990378949,0.3310106096,45.45454545454545,49.30032292787944,20.618556701030926
3920399,1267,107,2024-01-19,Mozambique,Cape Verde Islands,0,0,3,0.3310106096,0.5990378949,25.0,50.699677072120565,26.666666666666668
3920400,1267,107,2024-01-19,Senegal,Cameroon,1,3,1,1.2311799,0.248547065,60.0,47.13216957605985,32.014388489208635
3920400,1267,107,2024-01-19,Cameroon,Senegal,0,1,3,0.248547065,1.2311799,20.0,52.867830423940156,23.867069486404834
3920402,1267,107,2024-01-20,Algeria,Burkina Faso,1,2,2,1.9980459710000003,1.258992304,33.33333333333333,63.25966850828729,19.444444444444446
3920402,1267,107,2024-01-20,Burkina Faso,Algeria,0,2,2,1.258992304,1.9980459710000003,42.857142857142854,36.74033149171271,26.701570680628272
3920404,1267,107,2024-01-20,Tunisia,Mali,1,1,1,0.5300487537,0.845760372,20.0,39.62703962703963,27.016129032258064
3920404,1267,107,2024-01-20,Mali,Tunisia,0,1,1,0.845760372,0.5300487537,8.333333333333332,60.37296037296037,19.221967963386728
3920403,1267,107,2024-01-20,Mauritania,Angola,1,2,3,1.1113399407999998,2.0439582,35.714285714285715,54.6772068511199,27.743902439024392
3920403,1267,107,2024-01-20,Angola,Mauritania,0,3,2,2.0439582,1.1113399407999998,30.0,45.3227931488801,24.90118577075099
3920405,1267,107,2024-01-21,Morocco,Congo DR,1,1,1,1.0546321737000002,2.31023671,36.36363636363637,54.80895915678524,24.34017595307918
3920405,1267,107,2024-01-21,Congo DR,Morocco,0,1,1,2.31023671,1.0546321737000002,18.181818181818183,45.19104084321476,22.900763358778626
3920406,1267,107,2024-01-21,Zambia,Tanzania,1,1,1,0.7971692891,0.390369424,36.36363636363637,45.919370698131765,22.05128205128205
3920406,1267,107,2024-01-21,Tanzania,Zambia,0,1,1,0.390369424,0.7971692891,33.33333333333333,54.08062930186824,20.33898305084746
3920407,1267,107,2024-01-21,South Africa,Namibia,1,4,0,2.2156721920000004,0.5685470403999999,66.66666666666666,51.33757961783439,29.82456140350877
3920407,1267,107,2024-01-21,Namibia,South Africa,0,0,4,0.5685470403999999,2.2156721920000004,25.0,48.66242038216561,34.375
3920410,1267,107,2024-01-22,Mozambique,Ghana,1,2,2,1.5396220109,1.8431652509999998,28.57142857142857,60.55718475073314,26.5625
3920410,1267,107,2024-01-22,Ghana,Mozambique,0,2,2,1.8431652509999998,1.5396220109,50.0,39.44281524926686,26.42487046632124
3920411,1267,107,2024-01-22,Cape Verde Islands,Egypt,1,2,2,0.406963733,1.7644844204999999,50.0,46.864686468646866,23.076923076923077
3920411,1267,107,2024-01-22,Egypt,Cape Verde Islands,0,2,2,1.7644844204999999,0.406963733,25.925925925925924,53.135313531353134,22.781774580335732
3920409,1267,107,2024-01-22,Guinea-Bissau,Nigeria,1,0,1,0.3514627777,0.970812034,41.66666666666667,49.77924944812362,20.466321243523318
3920409,1267,107,2024-01-22,Nigeria,Guinea-Bissau,0,1,0,0.970812034,0.3514627777,9.090909090909092,50.22075055187638,24.47368421052632
3920408,1267,107,2024-01-22,Equatorial Guinea,Côte d'Ivoire,1,4,0,1.092679292,2.0694979545,70.0,31.054977711738484,28.35820895522388
3920408,1267,107,2024-01-22,Côte d'Ivoire,Equatorial Guinea,0,0,4,2.0694979545,1.092679292,13.636363636363635,68.94502228826151,26.08695652173913
3920415,1267,107,2024-01-23,Mauritania,Algeria,1,1,0,1.3282860823,1.1864072147,41.17647058823529,24.725943970767357,33.05084745762712
3920415,1267,107,2024-01-23,Algeria,Mauritania,0,0,1,1.1864072147,1.3282860823,31.25,75.27405602923264,17.281553398058254
3920412,1267,107,2024-01-23,Guinea,Senegal,1,0,2,0.553162426,0.9427711889999999,25.0,50.77658303464755,22.941176470588236
3920412,1267,107,2024-01-23,Senegal,Guinea,0,2,0,0.9427711889999999,0.553162426,16.666666666666664,49.22341696535245,20.12012012012012
3920413,1267,107,2024-01-23,Gambia,Cameroon,1,2,3,1.296466914,1.367199652,46.666666666666664,45.22111269614836,31.277533039647576
3920413,1267,107,2024-01-23,Cameroon,Gambia,0,3,2,1.367199652,1.296466914,23.076923076923077,54.77888730385164,24.40677966101695
3920414,1267,107,2024-01-23,Angola,Burkina Faso,1,2,0,0.8842662024999999,0.9952471892000001,83.33333333333334,46.55172413793103,21.818181818181817
3920414,1267,107,2024-01-23,Burkina Faso,Angola,0,0,2,0.9952471892000001,0.8842662024999999,15.0,53.44827586206896,27.91327913279133
3920419,1267,107,2024-01-24,Zambia,Morocco,1,0,1,0.4399758278,2.421491488,18.181818181818183,42.28634850166482,24.919093851132686
3920419,1267,107,2024-01-24,Morocco,Zambia,0,1,0,2.421491488,0.4399758278,36.84210526315789,57.71365149833518,21.0989010989011
3920418,1267,107,2024-01-24,Tanzania,Congo DR,1,0,0,0.0585539966,0.6590665210000001,0.0,50.988142292490124,26.21359223300971
3920418,1267,107,2024-01-24,Congo DR,Tanzania,0,0,0,0.6590665210000001,0.0585539966,33.33333333333333,49.01185770750988,26.302729528535977
3920417,1267,107,2024-01-24,Namibia,Mali,1,0,0,0.656155824,0.681213131,20.0,35.160427807486634,35.099337748344375
3920417,1267,107,2024-01-24,Mali,Namibia,0,0,0,0.681213131,0.656155824,18.181818181818183,64.83957219251337,22.167487684729064
3920416,1267,107,2024-01-24,South Africa,Tunisia,1,0,0,0.5204111787,1.0176946654,18.181818181818183,44.994617868675995,29.878048780487802
3920416,1267,107,2024-01-24,Tunisia,South Africa,0,0,0,1.0176946654,0.5204111787,18.181818181818183,55.005382131324,27.27272727272727
3922237,1267,107,2024-01-27,Angola,Namibia,1,3,0,1.5854788395,0.8707519355,36.36363636363637,49.74025974025974,27.303754266211605
3922237,1267,107,2024-01-27,Namibia,Angola,0,0,3,0.8707519355,1.5854788395,33.33333333333333,50.25974025974026,25.589225589225588
3922238,1267,107,2024-01-27,Nigeria,Cameroon,1,2,0,1.3096963099999999,0.300622834,50.0,42.432432432432435,29.577464788732392
3922238,1267,107,2024-01-27,Cameroon,Nigeria,0,0,2,0.300622834,1.3096963099999999,0.0,57.567567567567565,20.0
3922239,1267,107,2024-01-28,Equatorial Guinea,Guinea,1,0,1,0.956068984,0.5573152885,0.0,51.22265122265123,20.90032154340836
3922239,1267,107,2024-01-28,Guinea,Equatorial Guinea,0,1,0,0.5573152885,0.956068984,40.0,48.77734877734878,24.161073825503358
3922240,1267,107,2024-01-28,Egypt,Congo DR,1,1,1,8.424148152999999,8.626787165,55.00000000000001,56.27413127413128,23.66737739872068
3922240,1267,107,2024-01-28,Congo DR,Egypt,0,1,1,8.626787165,8.424148152999999,42.857142857142854,43.72586872586873,24.2603550295858
3922242,1267,107,2024-01-29,Senegal,Côte d'Ivoire,1,1,1,5.235410052300001,5.038094957,44.44444444444444,42.410714285714285,31.903485254691688
3922242,1267,107,2024-01-29,Côte d'Ivoire,Senegal,0,1,1,5.038094957,5.235410052300001,69.23076923076923,57.58928571428571,20.15065913370998
3922241,1267,107,2024-01-29,Cape Verde Islands,Mauritania,1,1,0,1.5715358579,0.776972687,22.22222222222222,68.99736147757255,19.761904761904763
3922241,1267,107,2024-01-29,Mauritania,Cape Verde Islands,0,0,1,0.776972687,1.5715358579,0.0,31.00263852242744,36.0
3922244,1267,107,2024-01-30,Mali,Burkina Faso,1,2,1,0.6657573702999999,1.4600063336,28.57142857142857,57.17791411042945,22.597402597402596
3922244,1267,107,2024-01-30,Burkina Faso,Mali,0,1,2,1.4600063336,0.6657573702999999,50.0,42.82208588957055,29.69924812030075
3922243,1267,107,2024-01-30,Morocco,South Africa,1,0,2,2.090429641,0.240658424,15.384615384615385,54.57589285714286,20.437956204379564
3922243,1267,107,2024-01-30,South Africa,Morocco,0,2,0,0.240658424,2.090429641,60.0,45.424107142857146,24.207492795389047
3922356,1267,107,2024-02-02,Congo DR,Guinea,1,3,1,1.652631181,1.1352217789999999,23.076923076923077,38.31775700934579,21.428571428571427
3922356,1267,107,2024-02-02,Guinea,Congo DR,0,1,3,1.1352217789999999,1.652631181,42.857142857142854,61.6822429906542,27.27272727272727
3922321,1267,107,2024-02-02,Nigeria,Angola,1,1,0,1.4616966710000001,0.954992671,23.076923076923077,45.99260172626387,31.802120141342755
3922321,1267,107,2024-02-02,Angola,Nigeria,0,0,1,0.954992671,1.4616966710000001,20.0,54.00739827373613,23.61111111111111
3922659,1267,107,2024-02-03,Mali,Côte d'Ivoire,1,1,2,1.317118139,0.8373889089999998,36.36363636363637,61.39240506329114,16.06217616580311
3922659,1267,107,2024-02-03,Côte d'Ivoire,Mali,0,2,1,0.8373889089999998,1.317118139,27.27272727272727,38.607594936708864,25.304878048780488
3922658,1267,107,2024-02-03,Cape Verde Islands,South Africa,1,0,0,5.4274397822000005,4.2306515743,23.333333333333332,50.18587360594795,29.951690821256037
3922658,1267,107,2024-02-03,South Africa,Cape Verde Islands,0,0,0,4.2306515743,5.4274397822000005,45.0,49.814126394052046,27.586206896551722
3922837,1267,107,2024-02-07,Nigeria,South Africa,1,1,1,5.4088133766999995,4.8924694970000004,52.63157894736842,39.338235294117645,27.575757575757574
3922837,1267,107,2024-02-07,South Africa,Nigeria,0,1,1,4.8924694970000004,5.4088133766999995,50.0,60.66176470588235,21.052631578947366
3922838,1267,107,2024-02-07,Côte d'Ivoire,Congo DR,1,1,0,0.8495611759999999,0.826083473,14.285714285714285,55.934515688949524,28.273809523809522
3922838,1267,107,2024-02-07,Congo DR,Côte d'Ivoire,0,0,1,0.826083473,0.8495611759999999,14.285714285714285,44.065484311050476,31.16883116883117
3923880,1267,107,2024-02-10,South Africa,Congo DR,1,0,0,5.750652511,7.166134682000001,69.23076923076923,55.98290598290598,19.823788546255507
3923880,1267,107,2024-02-10,Congo DR,South Africa,0,0,0,7.166134682000001,5.750652511,50.0,44.01709401709402,25.356125356125357
3923881,1267,107,2024-02-11,Nigeria,Côte d'Ivoire,1,1,2,0.25819266500000004,1.4139358625,20.0,36.95652173913043,29.100529100529098
3923881,1267,107,2024-02-11,Côte d'Ivoire,Nigeria,0,2,1,1.4139358625,0.25819266500000004,38.88888888888889,63.04347826086957,18.814432989690722
3930158,55,282,2024-06-14,Germany,Scotland,1,5,1,1.8446339139999997,0.060525935,50.0,72.44488977955912,11.879699248120302
3930158,55,282,2024-06-14,Scotland,Germany,0,1,5,0.060525935,1.8446339139999997,0.0,27.55511022044088,18.446601941747574
3930159,55,282,2024-06-15,Hungary,Switzerland,1,1,3,1.102845594,2.095769171,33.33333333333333,49.53846153846154,23.958333333333336
3930159,55,282,2024-06-15,Switzerland,Hungary,0,3,1,2.095769171,1.102845594,46.666666666666664,50.46153846153846,21.375921375921376
3930160,55,282,2024-06-15,Spain,Croatia,1,3,0,1.567182589,2.48209888,45.45454545454545,46.80038204393505,19.024390243902438
3930160,55,282,2024-06-15,Croatia,Spain,0,0,3,2.48209888,1.567182589,31.25,53.19961795606495,16.59751037344398
3930161,55,282,2024-06-15,Italy,Albania,1,2,1,1.449796653,0.354596554,29.411764705882355,67.80333068992863,15.306122448979592
3930161,55,282,2024-06-15,Albania,Italy,0,1,2,0.354596554,1.449796653,25.0,32.19666931007137,12.941176470588237
3930162,55,282,2024-06-16,Slovenia,Denmark,1,1,1,0.9663907513000001,1.511239423,18.181818181818183,32.88590604026846,22.265625
3930162,55,282,2024-06-16,Denmark,Slovenia,0,1,1,1.511239423,0.9663907513000001,25.0,67.11409395973155,14.893617021276595
3938637,55,282,2024-06-16,Poland,Netherlands,1,1,2,0.9091575622999999,1.312755115,58.333333333333336,33.92670157068063,22.0
3938637,55,282,2024-06-16,Netherlands,Poland,0,2,1,1.312755115,0.9091575622999999,19.047619047619047,66.07329842931937,19.81981981981982
3930163,55,282,2024-06-16,Serbia,England,1,0,1,0.249405245,0.558814127,16.666666666666664,46.99828473413379,14.06926406926407
3930163,55,282,2024-06-16,England,Serbia,0,1,0,0.558814127,0.249405245,60.0,53.00171526586621,16.574585635359114
3930164,55,282,2024-06-17,Belgium,Slovakia,1,0,1,1.7502550389999998,0.7111064833999999,31.25,60.099999999999994,16.73228346456693
3930164,55,282,2024-06-17,Slovakia,Belgium,0,1,0,0.7111064833999999,1.7502550389999998,40.0,39.900000000000006,26.860841423948216
3930165,55,282,2024-06-17,Austria,France,1,0,1,0.748317325,1.904531775,60.0,51.45914396887159,22.916666666666664
3930165,55,282,2024-06-17,France,Austria,0,1,0,1.904531775,0.748317325,21.428571428571427,48.540856031128406,21.140142517814727
3938638,55,282,2024-06-17,Romania,Ukraine,1,3,0,1.1210513,0.543475964,50.0,30.62568605927552,31.472081218274113
3938638,55,282,2024-06-17,Ukraine,Romania,0,0,3,0.543475964,1.1210513,15.384615384615385,69.37431394072448,19.33085501858736
3938639,55,282,2024-06-18,Turkey,Georgia,1,3,1,2.4034188392000004,1.57856751,31.818181818181817,55.676657584014535,14.602587800369685
3938639,55,282,2024-06-18,Georgia,Turkey,0,1,3,1.57856751,2.4034188392000004,28.57142857142857,44.323342415985465,18.491484184914842
3930166,55,282,2024-06-18,Portugal,Czech Republic,1,2,1,1.8375108777000002,0.314766696,42.10526315789473,73.32035053554041,14.618973561430792
3930166,55,282,2024-06-18,Czech Republic,Portugal,0,1,2,0.314766696,1.8375108777000002,20.0,26.679649464459594,25.423728813559322
3930168,55,282,2024-06-19,Germany,Hungary,1,2,0,1.483692844,1.228033313,36.84210526315789,69.22374429223744,14.534883720930234
3930168,55,282,2024-06-19,Hungary,Germany,0,0,2,1.228033313,1.483692844,18.181818181818183,30.776255707762555,26.41509433962264
3930167,55,282,2024-06-19,Croatia,Albania,1,2,2,1.8585999319999997,1.325860005,38.095238095238095,66.63405088062623,14.451827242524917
3930167,55,282,2024-06-19,Albania,Croatia,0,2,2,1.325860005,1.8585999319999997,50.0,33.36594911937378,27.27272727272727
3930169,55,282,2024-06-19,Scotland,Switzerland,1,1,1,0.7718825680000001,0.9901536169999999,25.0,47.82608695652174,18.181818181818183
3930169,55,282,2024-06-19,Switzerland,Scotland,0,1,1,0.9901536169999999,0.7718825680000001,45.45454545454545,52.17391304347826,19.45205479452055
3930171,55,282,2024-06-20,Denmark,England,1,1,1,0.733329403,1.1727052949999999,43.75,50.429553264604806,16.767676767676768
3930171,55,282,2024-06-20,England,Denmark,0,1,1,1.1727052949999999,0.733329403,33.33333333333333,49.570446735395194,18.609406952965234
3930170,55,282,2024-06-20,Slovenia,Serbia,1,1,1,1.552166038,1.46133078,33.33333333333333,39.57273652085453,19.333333333333332
3930170,55,282,2024-06-20,Serbia,Slovenia,0,1,1,1.46133078,1.552166038,26.666666666666668,60.42726347914547,20.75098814229249
3930172,55,282,2024-06-20,Spain,Italy,1,1,0,1.5338804222000002,0.143399362,40.0,56.72727272727273,16.48936170212766
3930172,55,282,2024-06-20,Italy,Spain,0,0,1,0.143399362,1.5338804222000002,25.0,43.27272727272727,21.85089974293059
3930173,55,282,2024-06-21,Netherlands,France,1,0,0,0.7381833019999999,1.2184023685000003,44.44444444444444,37.823371989295275,17.43869209809264
3930173,55,282,2024-06-21,France,Netherlands,0,0,0,1.2184023685000003,0.7381833019999999,20.0,62.176628010704725,13.333333333333334
3938641,55,282,2024-06-21,Poland,Austria,1,1,3,1.438092037,1.821698256,20.0,46.724890829694324,21.301775147928996
3938641,55,282,2024-06-21,Austria,Poland,0,3,1,1.821698256,1.438092037,60.0,53.275109170305676,19.26829268292683
3938640,55,282,2024-06-21,Slovakia,Ukraine,1,1,2,0.7461385425,1.7316552805,35.714285714285715,56.79012345679012,17.938931297709924
3938640,55,282,2024-06-21,Ukraine,Slovakia,0,2,1,1.7316552805,0.7461385425,38.46153846153847,43.20987654320987,21.09375
3939969,223,282,2024-06-21,Argentina,Canada,1,2,0,3.538291301,0.9772994850000001,42.10526315789473,64.87562189054727,19.897959183673468
3939969,223,282,2024-06-21,Canada,Argentina,0,0,2,0.9772994850000001,3.538291301,20.0,35.124378109452735,23.103448275862068
3939970,223,282,2024-06-22,Peru,Chile,1,0,0,0.6772752089999999,1.024763887,57.14285714285714,36.6325369738339,28.703703703703702
3939970,223,282,2024-06-22,Chile,Peru,0,0,0,1.024763887,0.6772752089999999,9.090909090909092,63.36746302616609,25.770925110132158
3930175,55,282,2024-06-22,Belgium,Romania,1,2,0,1.645816926,1.246037035,45.0,55.51724137931034,22.05513784461153
3930175,55,282,2024-06-22,Romania,Belgium,0,0,2,1.246037035,1.645816926,28.57142857142857,44.48275862068966,22.508038585209004
3938642,55,282,2024-06-22,Georgia,Czech Republic,1,1,1,1.179922648,2.8654523907000007,20.0,38.369565217391305,22.761194029850746
3938642,55,282,2024-06-22,Czech Republic,Georgia,0,1,1,2.8654523907000007,1.179922648,40.74074074074074,61.6304347826087,17.67241379310345
3930174,55,282,2024-06-22,Turkey,Portugal,1,0,3,0.7789868169999999,1.9012271159999998,27.27272727272727,43.41372912801484,17.737789203084834
3930174,55,282,2024-06-22,Portugal,Turkey,0,3,0,1.9012271159999998,0.7789868169999999,25.0,56.58627087198516,16.883116883116884
3939972,223,282,2024-06-22,Ecuador,Venezuela,1,1,2,0.7355915667,1.5850185390000002,44.44444444444444,35.14150943396226,25.247524752475247
3939972,223,282,2024-06-22,Venezuela,Ecuador,0,2,1,1.5850185390000002,0.7355915667,35.714285714285715,64.85849056603774,22.687224669603523
3939971,223,282,2024-06-23,Mexico,Jamaica,1,1,0,1.136080327,0.5061592739999999,45.0,60.1063829787234,19.956140350877195
3939971,223,282,2024-06-23,Jamaica,Mexico,0,0,1,0.5061592739999999,1.136080327,30.76923076923077,39.8936170212766,27.819548872180448
3930176,55,282,2024-06-23,Switzerland,Germany,1,1,1,0.28008559899999996,1.5416782249999998,75.0,34.72090823084201,25.26690391459075
3930176,55,282,2024-06-23,Germany,Switzerland,0,1,1,1.5416782249999998,0.28008559899999996,16.666666666666664,65.27909176915799,17.491749174917494
3939974,223,282,2024-06-23,United States,Bolivia,1,2,0,2.4046838079999997,0.1496907824,40.0,59.77366255144033,21.80293501048218
3939974,223,282,2024-06-23,Bolivia,United States,0,0,2,0.1496907824,2.4046838079999997,50.0,40.22633744855967,18.874172185430464
3930177,55,282,2024-06-23,Scotland,Hungary,1,0,1,0.183535254,1.0010130929999999,0.0,57.097457627118644,22.018348623853214
3930177,55,282,2024-06-23,Hungary,Scotland,0,1,0,1.0010130929999999,0.183535254,35.714285714285715,42.902542372881356,22.837370242214533
3939975,223,282,2024-06-24,Colombia,Paraguay,1,2,1,0.621920841,0.8275965940000001,27.27272727272727,65.84507042253522,18.43817787418655
3939975,223,282,2024-06-24,Paraguay,Colombia,0,1,2,0.8275965940000001,0.621920841,27.27272727272727,34.154929577464785,31.147540983606557
3939973,223,282,2024-06-24,Uruguay,Panama,1,3,1,1.3614407430000004,0.540888124,35.0,54.30303030303031,26.944444444444443
3939973,223,282,2024-06-24,Panama,Uruguay,0,1,3,0.540888124,1.3614407430000004,30.0,45.696969696969695,29.72027972027972
3930178,55,282,2024-06-24,Croatia,Italy,1,1,1,1.483235055,0.985394353,66.66666666666666,47.26799653078925,12.340425531914894
3930178,55,282,2024-06-24,Italy,Croatia,0,1,1,0.985394353,1.483235055,23.076923076923077,52.73200346921075,19.884169884169882
3930179,55,282,2024-06-24,Albania,Spain,1,0,1,0.50315428,0.9517126250000001,40.0,40.67796610169492,22.507122507122507
3930179,55,282,2024-06-24,Spain,Albania,0,1,0,0.9517126250000001,0.50315428,18.75,59.32203389830508,18.397085610200364
3930182,55,282,2024-06-25,Denmark,Serbia,1,0,0,0.551532424,0.324442442,30.0,52.868490732568404,18.2
3930182,55,282,2024-06-25,Serbia,Denmark,0,0,0,0.324442442,0.551532424,20.0,47.131509267431596,18.6046511627907
3939978,223,282,2024-06-25,Peru,Canada,1,0,1,0.5764393578000001,0.909048214,44.44444444444444,50.06165228113441,28.222996515679444
3939978,223,282,2024-06-25,Canada,Peru,0,1,0,0.909048214,0.5764393578000001,40.0,49.9383477188656,29.03225806451613
3938643,55,282,2024-06-25,France,Poland,1,1,1,1.8914679426,1.17909407,42.10526315789473,57.30880929332043,18.003913894324853
3938643,55,282,2024-06-25,Poland,France,0,1,1,1.17909407,1.8914679426,30.0,42.69119070667957,20.698924731182796
3930181,55,282,2024-06-25,England,Slovenia,1,0,0,0.756222001,0.164917273,25.0,72.81105990783409,14.507042253521126
3930181,55,282,2024-06-25,Slovenia,England,0,0,0,0.164917273,0.756222001,25.0,27.188940092165897,21.461187214611872
3930180,55,282,2024-06-25,Netherlands,Austria,1,2,3,1.5102086190000001,1.0578987149999999,18.181818181818183,53.275109170305676,29.11392405063291
3930180,55,282,2024-06-25,Austria,Netherlands,0,3,2,1.0578987149999999,1.5102086190000001,55.55555555555556,46.724890829694324,20.77151335311573
3939976,223,282,2024-06-25,Brazil,Costa Rica,1,0,0,1.621192136,0.036730567000000006,15.0,74.05940594059406,16.818181818181817
3939976,223,282,2024-06-25,Costa Rica,Brazil,0,0,0,0.036730567000000006,1.621192136,0.0,25.940594059405942,23.56020942408377
3939980,223,282,2024-06-26,Ecuador,Jamaica,1,3,1,2.3658249157999998,0.934746927,13.043478260869565,45.52023121387283,28.333333333333332
3939980,223,282,2024-06-26,Jamaica,Ecuador,0,1,3,0.934746927,2.3658249157999998,57.14285714285714,54.47976878612717,26.595744680851062
3938644,55,282,2024-06-26,Georgia,Portugal,1,2,0,1.3454930710000002,2.356130787,42.857142857142854,28.86100386100386,26.785714285714285
3938644,55,282,2024-06-26,Portugal,Georgia,0,0,2,2.356130787,1.3454930710000002,22.727272727272727,71.13899613899613,13.61573373676248
3939977,223,282,2024-06-26,Chile,Argentina,1,0,1,0.1309882215,2.784060325,100.0,39.77732793522267,26.797385620915033
3939977,223,282,2024-06-26,Argentina,Chile,0,1,0,2.784060325,0.1309882215,40.909090909090914,60.22267206477733,18.234165067178505
3930184,55,282,2024-06-26,Czech Republic,Turkey,1,1,2,1.4103225653999998,1.2175436875,50.0,32.88009888751545,33.87096774193548
3930184,55,282,2024-06-26,Turkey,Czech Republic,0,2,1,1.2175436875,1.4103225653999998,27.77777777777778,67.11990111248454,14.775160599571734
3930183,55,282,2024-06-26,Slovakia,Romania,1,1,1,0.8447428410000002,1.121938083,30.76923076923077,57.674418604651166,24.21875
3930183,55,282,2024-06-26,Romania,Slovakia,0,1,1,1.121938083,0.8447428410000002,55.55555555555556,42.32558139534884,20.622568093385212
3938645,55,282,2024-06-26,Ukraine,Belgium,1,0,0,0.7091700303,0.633984568,35.714285714285715,40.05994005994006,23.076923076923077
3938645,55,282,2024-06-26,Belgium,Ukraine,0,0,0,0.633984568,0.7091700303,33.33333333333333,59.94005994005994,17.248062015503876
3939979,223,282,2024-06-27,Venezuela,Mexico,1,1,0,1.138640792,2.384322616,20.0,40.382452193475814,26.53846153846154
3939979,223,282,2024-06-27,Mexico,Venezuela,0,0,1,2.384322616,1.138640792,27.77777777777778,59.617547806524186,23.167848699763592
3939981,223,282,2024-06-27,Panama,United States,1,2,1,0.730782593,0.914278539,30.76923076923077,72.77167277167277,20.240480961923847
3939981,223,282,2024-06-27,United States,Panama,0,1,2,0.914278539,0.730782593,50.0,27.228327228327228,29.32330827067669
3939984,223,282,2024-06-28,Colombia,Costa Rica,1,3,0,2.902314693,0.165297975,27.77777777777778,62.81908990011099,21.41414141414141
3939984,223,282,2024-06-28,Costa Rica,Colombia,0,0,3,0.165297975,2.902314693,0.0,37.18091009988901,20.233463035019454
3939982,223,282,2024-06-28,Uruguay,Bolivia,1,5,0,2.3209622755,0.0507624025,50.0,60.06787330316742,21.252796420581653
3939982,223,282,2024-06-28,Bolivia,Uruguay,0,0,5,0.0507624025,2.3209622755,25.0,39.93212669683258,20.141342756183743
3939983,223,282,2024-06-29,Paraguay,Brazil,1,1,4,0.6916759419,3.747689849,40.0,45.770065075921906,21.776504297994272
3939983,223,282,2024-06-29,Brazil,Paraguay,0,4,1,3.747689849,0.6916759419,35.294117647058826,54.229934924078094,19.53488372093023
3940878,55,282,2024-06-29,Switzerland,Italy,1,2,0,0.782356756,0.7256579150000001,25.0,49.91103202846975,18.14516129032258
3940878,55,282,2024-06-29,Italy,Switzerland,0,0,2,0.7256579150000001,0.782356756,9.090909090909092,50.08896797153025,11.041666666666666
3940983,55,282,2024-06-29,Germany,Denmark,1,2,0,2.2266212784,1.073495348,60.0,54.761904761904766,19.642857142857142
3940983,55,282,2024-06-29,Denmark,Germany,0,0,2,1.073495348,2.2266212784,20.0,45.23809523809524,23.772609819121445
3941018,55,282,2024-06-30,Spain,Georgia,1,4,1,2.7647263759999996,0.113077642,37.142857142857146,74.8898678414097,13.427109974424553
3941018,55,282,2024-06-30,Georgia,Spain,0,1,4,0.113077642,2.7647263759999996,0.0,25.11013215859031,24.444444444444443
3939986,223,282,2024-06-30,Argentina,Peru,1,2,0,2.1057768130000003,0.1666223537,50.0,72.73718647764449,19.36026936026936
3939986,223,282,2024-06-30,Peru,Argentina,0,0,2,0.1666223537,2.1057768130000003,14.285714285714285,27.262813522355504,30.681818181818183
3939985,223,282,2024-06-30,Canada,Chile,1,0,0,0.699493846,0.454009303,33.33333333333333,56.511350059737154,25.0
3939985,223,282,2024-06-30,Chile,Canada,0,0,0,0.454009303,0.699493846,50.0,43.48864994026284,21.78988326848249
3941017,55,282,2024-06-30,England,Slovakia,1,2,1,1.586740501,1.547847124,12.5,62.914862914862915,15.19674355495251
3941017,55,282,2024-06-30,Slovakia,England,0,1,2,1.547847124,1.586740501,23.076923076923077,37.085137085137085,20.75
3941020,55,282,2024-07-01,Portugal,Slovenia,1,0,0,4.071676876000001,3.066036338,39.130434782608695,70.69689336691856,16.016713091922004
3941020,55,282,2024-07-01,Slovenia,Portugal,0,0,0,3.066036338,4.071676876000001,38.46153846153847,29.303106633081445,31.48148148148148
3939987,223,282,2024-07-01,Jamaica,Venezuela,1,0,3,0.667584843,1.714409986,12.5,47.34299516908212,25.0
3939987,223,282,2024-07-01,Venezuela,Jamaica,0,3,0,1.714409986,0.667584843,17.647058823529413,52.65700483091788,25.842696629213485
3939988,223,282,2024-07-01,Mexico,Ecuador,1,0,0,0.937626587,0.30584925900000004,20.0,58.73221216041398,19.607843137254903
3939988,223,282,2024-07-01,Ecuador,Mexico,0,0,0,0.30584925900000004,0.937626587,33.33333333333333,41.26778783958603,21.818181818181817
3941019,55,282,2024-07-01,France,Belgium,1,1,0,1.262011896,0.363213926,10.526315789473683,55.36626916524702,16.94915254237288
3941019,55,282,2024-07-01,Belgium,France,0,0,1,0.363213926,1.262011896,40.0,44.63373083475298,16.00877192982456
3941021,55,282,2024-07-02,Romania,Netherlands,1,0,3,0.267701091,2.6262365,20.0,36.332574031890665,24.45414847161572
3941021,55,282,2024-07-02,Netherlands,Romania,0,3,0,2.6262365,0.267701091,25.0,63.667425968109335,21.914893617021278
3941022,55,282,2024-07-02,Austria,Turkey,1,1,2,2.4870282190000004,0.8825083735,23.809523809523807,59.526066350710906,19.88188976377953
3941022,55,282,2024-07-02,Turkey,Austria,0,2,1,0.8825083735,2.4870282190000004,50.0,40.4739336492891,20.481927710843372
3939989,223,282,2024-07-02,Bolivia,Panama,1,1,3,0.793431835,1.3405597112999998,42.857142857142854,51.23258306538049,24.681933842239186
3939989,223,282,2024-07-02,Panama,Bolivia,0,3,1,1.3405597112999998,0.793431835,46.15384615384615,48.767416934619504,24.863387978142075
3939990,223,282,2024-07-02,United States,Uruguay,1,0,1,0.470996951,1.2715211382000002,25.0,51.64835164835166,32.35294117647059
3939990,223,282,2024-07-02,Uruguay,United States,0,1,0,1.2715211382000002,0.470996951,41.66666666666667,48.35164835164835,27.66798418972332
3939991,223,282,2024-07-03,Brazil,Colombia,1,1,1,0.30581762,1.5030030165000001,42.857142857142854,49.88814317673378,23.88888888888889
3939991,223,282,2024-07-03,Colombia,Brazil,0,1,1,1.5030030165000001,0.30581762,46.15384615384615,50.11185682326622,17.66304347826087
3939992,223,282,2024-07-03,Costa Rica,Paraguay,1,2,1,0.27205455,1.440062704,100.0,34.822451317296675,30.049261083743843
3939992,223,282,2024-07-03,Paraguay,Costa Rica,0,1,2,1.440062704,0.27205455,35.294117647058826,65.17754868270332,25.155925155925157
3942228,223,282,2024-07-05,Argentina,Ecuador,1,1,1,4.776067997,4.522527616,46.15384615384615,50.56746532156369,18.885448916408667
3942228,223,282,2024-07-05,Ecuador,Argentina,0,1,1,4.522527616,4.776067997,46.15384615384615,49.43253467843632,22.29299363057325
3942226,55,282,2024-07-05,Spain,Germany,1,2,1,1.5340542240000001,1.6290745859999998,31.57894736842105,48.057097541633624,23.6328125
3942226,55,282,2024-07-05,Germany,Spain,0,1,2,1.6290745859999998,1.5340542240000001,21.73913043478261,51.94290245836638,25.41436464088398
3942349,55,282,2024-07-05,Portugal,France,1,0,0,4.542798661,4.984905566,36.84210526315789,59.72938144329897,13.945172824791419
3942349,55,282,2024-07-05,France,Portugal,0,0,0,4.984905566,4.542798661,40.0,40.27061855670103,21.03386809269162
3942227,55,282,2024-07-06,England,Switzerland,1,1,1,4.454541235,4.335406498999999,44.44444444444444,52.303330970942596,14.219474497681608
3942227,55,282,2024-07-06,Switzerland,England,0,1,1,4.335406498999999,4.454541235,43.75,47.696669029057404,17.60797342192691
3942382,55,282,2024-07-06,Netherlands,Turkey,1,2,1,0.7189291150000001,1.182432874,36.36363636363637,59.024896265560166,17.269076305220885
3942382,55,282,2024-07-06,Turkey,Netherlands,0,1,2,1.182432874,0.7189291150000001,26.666666666666668,40.975103734439834,16.455696202531644
3942229,223,282,2024-07-06,Venezuela,Canada,1,1,1,5.6230584957,6.052097886,38.095238095238095,55.348837209302324,25.14450867052023
3942229,223,282,2024-07-06,Canada,Venezuela,0,1,1,6.052097886,5.6230584957,45.45454545454545,44.651162790697676,26.855123674911663
3942416,223,282,2024-07-06,Colombia,Panama,1,5,0,2.180404504,0.609951584,71.42857142857143,52.685421994884905,23.353293413173652
3942416,223,282,2024-07-06,Panama,Colombia,0,0,5,0.609951584,2.180404504,14.285714285714285,47.31457800511509,26.421404682274247
3942415,223,282,2024-07-07,Uruguay,Brazil,1,0,0,4.547336302,3.8098747530000003,35.294117647058826,39.83050847457627,27.0
3942415,223,282,2024-07-07,Brazil,Uruguay,0,0,0,3.8098747530000003,4.547336302,54.54545454545454,60.16949152542372,22.58064516129032
3942752,55,282,2024-07-09,Spain,France,1,2,1,0.421515934,0.850764694,33.33333333333333,58.09217577706324,22.198731501057082
3942752,55,282,2024-07-09,France,Spain,0,1,2,0.850764694,0.421515934,33.33333333333333,41.90782422293676,24.842767295597483
3942819,55,282,2024-07-10,Netherlands,England,1,1,2,0.41217220900000007,1.236570741,42.857142857142854,41.90207156308851,20.707070707070706
3942819,55,282,2024-07-10,England,Netherlands,0,2,1,1.236570741,0.41217220900000007,55.55555555555556,58.09792843691148,17.531305903398927
3942785,223,282,2024-07-10,Argentina,Canada,1,2,0,1.7541940644,0.7175667499999999,27.27272727272727,51.475076297049846,22.685185185185187
3942785,223,282,2024-07-10,Canada,Argentina,0,0,2,0.7175667499999999,1.7541940644,22.22222222222222,48.524923702950154,17.0316301703163
3942852,223,282,2024-07-11,Uruguay,Colombia,1,0,1,0.754563564,1.171960657,18.181818181818183,60.21080368906456,27.00534759358289
3942852,223,282,2024-07-11,Colombia,Uruguay,0,1,0,1.171960657,0.754563564,36.36363636363637,39.789196310935445,27.601809954751133
3943076,223,282,2024-07-14,Canada,Uruguay,1,2,2,6.205309528,4.650426863,47.368421052631575,51.00942126514132,27.573529411764707
3943076,223,282,2024-07-14,Uruguay,Canada,0,2,2,4.650426863,6.205309528,56.25,48.99057873485868,32.234432234432234
3943043,55,282,2024-07-14,Spain,England,1,2,1,1.791713124,0.7263776969999999,37.5,64.69945355191257,17.760617760617762
3943043,55,282,2024-07-14,England,Spain,0,1,2,0.7263776969999999,1.791713124,33.33333333333333,35.30054644808743,20.866141732283463
3943077,223,282,2024-07-15,Argentina,Colombia,1,1,0,1.0827015698,0.9722537356,45.45454545454545,44.86215538847117,25.0
3943077,223,282,2024-07-15,Colombia,Argentina,0,0,1,0.9722537356,1.0827015698,21.052631578947366,55.13784461152882,21.942446043165468
