match_id,competition_id,season_id,home_team,away_team,home_xg_for_avg,home_xg_against_avg,home_goals_for_avg,home_goals_against_avg,home_shot_accuracy_pct,home_possession_pct,home_progressive_passes_pct,home_confederation,away_xg_for_avg,away_xg_against_avg,away_goals_for_avg,away_goals_against_avg,away_shot_accuracy_pct,away_possession_pct,away_progressive_passes_pct,away_confederation,h2h_home_wins,h2h_draws,h2h_away_wins,is_neutral,home_goals,away_goals
7525,43,3,Russia,Saudi Arabia,1.8996335437142855,2.8279214089,1.1428571428571428,2.0,34.09297052154194,39.51548433041145,25.619299849828476,0,1.20417011526,1.85580842598,1.0,1.4,34.88235294117647,50.22208371507619,22.476122150413193,4,0,0,0,0,5,0
7576,43,3,Portugal,Spain,1.9587635508647059,1.393936816405882,1.588235294117647,1.1176470588235294,34.376089204464485,60.87360196173975,18.601257021467248,0,2.49196218013,1.5509245803850003,2.05,0.8,35.809133895267394,68.5629803806298,17.367110927613325,0,0,0,0,1,3,3
7577,43,3,Morocco,Iran,1.4670821647846153,1.193976731923077,1.0,0.8461538461538461,32.36907961187551,44.06597418778426,23.492937938130265,3,1.16676706566,1.4983639490600003,1.0,1.8,22.658730158730158,32.735906143580024,30.1465805942894,4,0,0,0,1,0,1
7578,43,3,Egypt,Uruguay,2.6571094518166665,2.2858104588333332,1.5,2.0,29.156846240179576,52.492717908860804,21.02893175848503,3,1.8181504478538462,1.3336340872461538,1.4615384615384615,0.6923076923076923,35.80392646569117,48.67666628757864,26.26448302876094,1,0,0,0,1,0,1
7532,43,3,Peru,Denmark,0.47638664861999996,1.506255619,0.4,0.8,41.507936507936506,42.50953124235057,26.023412093165014,1,1.40487725595625,1.4570670420437501,1.0625,1.0,37.24061574390521,52.493776016757934,21.544991697124953,0,0,0,0,1,0,1
7530,43,3,France,Australia,1.9352618340043481,1.5059139244565216,1.6956521739130435,0.9565217391304348,35.02343057035425,50.29282799396883,20.426178984761364,0,0.7699388369500001,1.2987033216000001,0.8333333333333334,1.5,28.03062678062678,43.863575818379644,27.18310231051142,4,1,0,0,1,2,1
7529,43,3,Croatia,Nigeria,2.083827879675,2.00137927799,1.5,1.5,36.21561681072551,54.490535653693996,20.9074453140791,0,1.8099485580222219,1.2506135106,1.2222222222222223,0.6666666666666666,28.621685618589645,44.313293804891885,28.12242735267512,3,0,0,0,1,2,0
7531,43,3,Argentina,Iceland,2.5340445147000006,1.471851012675,1.8125,1.0625,44.130580676633315,58.27867402224697,18.739942711858536,1,1.8424244342499998,0.9930440615,0.5,2.0,32.64705882352941,38.638504273049456,31.69642857142857,0,0,0,0,1,1,1
7535,43,3,Costa Rica,Serbia,0.430387705375,2.2663968685249998,0.875,2.375,29.91071428571429,32.31925144926103,26.278983208591228,2,0.903422646,1.6171680999875,0.875,1.75,20.511363636363633,48.391216005431815,21.66626639564989,0,0,0,0,1,0,1
7533,43,3,Brazil,Switzerland,2.5820735579923078,1.0631421391384615,1.5384615384615385,0.5384615384615384,42.43857659035185,58.1746362767894,19.719918062180017,1,1.8524243198529413,2.015524715170588,1.4705882352941178,1.5294117647058822,35.67414350056698,50.46387505988074,22.13393561631794,0,1,0,0,1,1,1
7534,43,3,Germany,Mexico,1.9352479785785712,0.9979933207357143,1.7857142857142858,1.3571428571428572,33.620789126741585,63.422687845937034,19.872947149109166,0,1.287414945411111,1.2691769076666666,0.5555555555555556,1.1111111111111112,27.67738434405101,57.331922472800166,21.834866753719446,2,0,0,0,1,0,1
7538,43,3,Sweden,South Korea,1.2129790578750002,1.213245620025,1.25,1.0,33.96967615717615,33.754416371431326,28.982709556797026,0,1.0335031039,1.7361548008333336,1.3333333333333333,1.6666666666666667,38.422035480859016,43.660814242450016,25.085462568926342,4,0,0,0,1,1,0
7537,43,3,Tunisia,England,1.1086889551499999,1.4257577548249998,0.75,1.125,29.648831560596264,50.681824644732615,25.709775985335863,3,1.774998230052,1.342189548936,1.68,0.76,38.80860805860806,55.084736803976774,19.3496052801839,0,0,0,0,1,1,2
7536,43,3,Belgium,Panama,1.4007197816277777,1.18596572475,1.3888888888888888,0.7222222222222222,35.053412889090644,53.7722877915966,19.852339818143516,0,0.8321693917666667,1.8783886093333333,1.3333333333333333,3.0,31.775539275539273,47.60333768172265,24.373053182473303,2,0,0,0,1,3,0
7539,43,3,Poland,Senegal,1.1621982834416669,1.5015076661916666,0.9166666666666666,1.6666666666666667,26.96548821548821,42.65174438991778,23.250758782445974,0,1.5643870179800001,1.2220910993,1.6,1.2,34.65689865689866,47.333492935723655,26.298382301914785,3,0,0,0,1,1,2
7541,43,3,Colombia,Japan,1.7524791433222224,1.2647535185333332,1.8888888888888888,0.4444444444444444,38.359041867813794,54.22094299136627,22.630236834727373,1,1.4214517915285714,1.9500439403571428,1.2857142857142858,1.4285714285714286,36.70461191469594,42.21779983808646,22.55856569215705,4,0,0,0,1,1,2
7540,43,3,Russia,Egypt,1.9425549930000001,2.620962587042857,1.4285714285714286,1.8571428571428572,36.47392290249433,38.27412185482184,26.669229167349872,0,2.434937818816666,2.4457550915,1.3333333333333333,1.6666666666666667,33.184624017957354,51.168538232946105,21.824582059949282,3,0,0,0,0,3,1
7543,43,3,Iran,Spain,1.220986394,1.27081207766,1.2,1.6,27.658730158730158,34.910625833827666,31.104738118902628,4,2.4651617944799997,1.601331408035,2.15,0.95,37.059133895267394,68.1172348345907,17.442154853389475,0,0,0,0,1,0,1
7544,43,3,Uruguay,Saudi Arabia,1.8284144218538463,1.3406342889923077,1.4615384615384615,0.6923076923076923,36.07865174041645,49.475482855625984,26.602651383123625,1,1.1992342488,1.75065122818,1.0,2.2,29.88235294117647,51.47208371507619,22.23555367722227,4,0,0,0,1,1,0
7542,43,3,Portugal,Morocco,1.991093524158824,1.406045275052941,1.7058823529411764,1.2941176470588236,35.160402929954685,60.27822353400329,18.279352929138046,0,1.4366277150153846,1.1795590115153847,1.0,0.8461538461538461,32.20747650909595,44.69387770632762,23.37165984660411,3,0,0,1,1,1,0
7545,43,3,Argentina,Croatia,2.5879482838062504,1.42187691533125,1.875,0.9375,43.818080676633315,59.509723694024075,18.913385434329246,1,2.076965708775,1.9785924607249998,1.45,1.5,35.33899343410213,55.117786010930864,20.785618807783713,0,1,0,0,1,0,3
7547,43,3,Denmark,Australia,1.41157243495625,1.48920368585625,1.0625,0.9375,35.82016119845067,52.54057307705169,21.547604748165156,0,0.6979120321166667,1.3898887032666665,0.8333333333333334,1.6666666666666667,28.287037037037038,42.52906111954318,26.874166320460876,4,0,0,1,1,1,1
7546,43,3,France,Peru,1.9221808560913047,1.521340438673913,1.7391304347826086,1.0,35.02343057035425,50.7725984353579,20.35825707729761,0,0.73661804002,1.3580852354000001,0.4,0.8,45.23342670401494,41.75425425762457,26.875274716436564,1,0,0,0,1,1,0
7549,43,3,Nigeria,Iceland,1.7488554771,1.2664251402666666,1.0,0.8888888888888888,27.716708243024033,42.630261952922325,28.387919377372285,3,1.5824056979999999,1.37722352285,1.0,1.5,28.758169934640524,30.09124666032695,30.446754431699684,0,0,0,0,1,2,0
7548,43,3,Brazil,Costa Rica,2.487475634569231,1.087250849623077,1.4615384615384615,0.6153846153846154,40.893744610737265,56.86299617459887,19.968362577591428,1,0.4850537439625,2.1284226442125,0.875,2.25,33.66071428571429,35.33446259368882,25.3852688858097,2,0,1,0,1,2,0
7550,43,3,Serbia,Switzerland,1.00830811175,1.4970072292625,0.875,1.5,19.46969696969697,49.54179446897474,21.08315533498364,0,1.7885889058411764,2.0574720396411763,1.411764705882353,1.5294117647058822,35.80682815337547,49.50652238133434,22.06089243617403,0,0,0,1,1,1,2
7551,43,3,Germany,Sweden,2.00533183695,1.0107163258785712,1.6428571428571428,1.3571428571428572,34.10918961514208,62.724216516790314,20.18676872020595,0,1.362973778,1.1002815186500001,1.25,0.75,26.380390442890445,37.62314808996274,27.376141941255643,0,0,0,0,1,2,1
7553,43,3,South Korea,Mexico,0.9655995654000001,1.7590835901666668,1.1666666666666667,1.5,32.53968253968254,44.054989435963485,24.075718591217186,4,1.189163506188889,1.4333397518000002,0.4444444444444444,1.0,27.412834079500744,54.716777328213716,22.871956378985672,2,0,0,0,1,1,2
7552,43,3,Belgium,Tunisia,1.1715882788499998,1.1546977746055556,1.2777777777777777,0.6111111111111112,34.61863028039499,54.45027158634886,19.464714007585375,0,1.078373346325,1.0870111973249998,0.625,0.75,28.055694305694303,49.38895437370377,24.646120858213244,3,0,0,0,1,5,2
7555,43,3,Poland,Colombia,1.1562087456083332,1.504908322583333,1.0,1.5833333333333333,27.950336700336702,43.94478279656056,22.873145081363884,0,1.6879583957333333,1.3988064209777777,1.6666666666666667,0.6666666666666666,39.12827263704456,52.56471944911955,23.13997328995824,1,0,0,0,1,0,3
7556,43,3,Japan,Senegal,1.6126633578142855,1.796899902642857,1.2857142857142858,1.2857142857142858,36.70461191469594,42.93883153544588,21.14991691681427,4,1.51933565208,1.2281041381000002,1.6,1.1,31.418803418803417,46.76772584762278,25.344511611201987,3,0,0,0,1,2,2
7554,43,3,England,Panama,1.753323378612,1.336814127344,1.52,0.76,37.81870906870907,55.118599362570066,19.598377588244748,0,0.7563887631333334,1.5523442966666667,1.1666666666666667,2.5,32.37077737077737,47.15211933136558,25.81362113652041,2,0,0,0,1,6,1
7559,43,3,Saudi Arabia,Egypt,0.74476832006,1.92738342638,0.6,2.2,28.2156862745098,49.33723091355672,22.277947463096222,4,2.5639032043166665,2.184977645,1.3333333333333333,1.8333333333333333,33.32351290684624,53.65210379046891,20.937342080243553,3,0,0,0,1,2,1
7557,43,3,Iran,Portugal,0.9908843204,1.4057193894000002,1.0,1.6,23.214285714285715,34.27090389211658,29.66137135908017,4,1.9535975487588237,1.3988766438470588,1.7058823529411764,1.2352941176470589,34.57216763583704,58.5631346059843,18.897640149660226,0,0,0,0,1,1,1
7560,43,3,Spain,Morocco,2.444784858655,1.5690663360850001,2.1,0.85,37.059133895267394,68.1520214765202,17.491760787557304,0,1.4661155764384615,1.0472892532846154,0.8461538461538461,0.7692307692307693,31.13281587561178,47.12921529450364,23.47988239092151,3,0,1,0,1,2,2
7558,43,3,Uruguay,Russia,1.7764764219461542,1.3478113121692308,1.3076923076923077,0.6923076923076923,34.84238800415271,48.59927297279357,26.41511837978258,1,2.0569787452857144,2.5088107760714284,1.8571428571428572,1.5714285714285714,36.47392290249433,39.297493160433525,26.12965916596872,0,0,0,0,1,3,0
7563,43,3,Denmark,France,1.4662903530312499,1.55133189810625,1.125,1.0,37.69516119845067,53.44225401041581,21.628123922963994,0,1.9849755978739132,1.542482314769565,1.7826086956521738,1.0,34.891678264688906,49.77717734179681,20.702819817093452,0,0,0,1,1,0,0
7561,43,3,Iceland,Croatia,1.29214323075,1.6963387873499998,0.5,1.5,26.11111111111111,30.508041926447998,30.446754431699684,0,2.134854771525,1.9328610127999997,1.5,1.45,36.35547695058564,54.11175041438524,21.13427629236785,0,0,0,0,1,1,2
7562,43,3,Australia,Peru,0.6617324097833334,1.5029003176666667,1.0,1.5,32.61396011396011,41.789564698793036,25.939963789361922,4,0.7943872694999999,1.4047152216,0.0,1.0,33.566760037348274,44.33520800614059,26.81393327598888,1,0,0,0,1,0,2
7564,43,3,Nigeria,Argentina,1.7496126043222222,1.3443809300444447,1.1111111111111112,0.6666666666666666,26.62738362428765,45.50028380225962,27.769140792492006,3,2.61091691405625,1.45477471976875,1.75,1.0625,43.349330676633315,59.10078149118874,18.595399264595084,1,0,0,0,1,1,2
7567,43,3,South Korea,Germany,0.8067933937333334,1.6209421165000002,1.0,1.8333333333333333,31.477591036414566,46.72543695455857,22.550797807881256,4,1.9061664276642856,0.9421832125214286,1.7857142857142858,1.2857142857142858,34.615484086953785,62.831555524901106,20.121007231055682,0,0,0,0,1,2,0
7568,43,3,Switzerland,Costa Rica,1.808449461005882,2.032605721582353,1.411764705882353,1.4705882352941178,35.99734970612612,49.46615636244096,22.020695496260174,0,0.3078638352125,2.3630080875625,0.625,2.25,28.30357142857143,34.12625987686542,25.399423938074513,2,0,0,0,1,2,2
7565,43,3,Serbia,Brazil,1.033953838875,1.5141946677,1.0,1.5,21.458333333333332,49.276344463929846,22.01891708877182,0,2.616441297376923,1.0265103845461538,1.4615384615384615,0.6153846153846154,40.314034465809726,57.82264572045531,20.217124711874156,1,0,0,1,1,0,2
7566,43,3,Mexico,Sweden,1.2188133053333334,1.2145960225777777,0.6666666666666666,0.7777777777777778,29.8659365326032,53.742118458818,23.49839343027374,2,1.1160587629999998,1.0637041816875,1.0,1.0,32.928009490509496,36.528960414892715,28.02601357155089,0,0,0,0,1,0,3
7571,43,3,Senegal,Colombia,1.67107557398,1.2978372507,1.8,1.2,31.799755799755804,47.152872512122656,25.160076163608647,3,1.8104118276555556,1.4825100614222222,1.8888888888888888,0.6666666666666666,36.13681964559157,52.15693100454922,22.53435936810657,1,0,0,0,1,0,1
7570,43,3,England,Belgium,1.83202876508,1.3414023044959997,1.76,0.76,40.03083028083028,55.617010142468324,19.331469375684364,0,1.4144264945166665,1.154002869788889,1.5,0.7222222222222222,36.08515892083667,54.33279300891298,19.931993664143413,0,0,0,1,1,0,1
7572,43,3,Japan,Poland,1.6257438460285714,1.9165499372142858,1.5714285714285714,1.4285714285714286,38.93095699818388,43.05128072114404,21.99620602131642,4,1.162332394525,1.5462677541499998,0.9166666666666666,1.8333333333333333,27.950336700336702,43.86407321791449,23.25672351273643,0,0,0,0,1,0,1
7569,43,3,Panama,Tunisia,0.8212626240166667,1.6049886345,1.1666666666666667,3.1666666666666665,29.130036630036628,48.66687899987097,24.23650783779799,2,0.8703387311499999,1.6677145246374998,0.625,1.25,26.7321648939296,46.95967773437341,25.402678259302316,3,0,0,0,1,1,2
7580,43,3,France,Argentina,1.9319370527869566,1.4856300816304349,1.608695652173913,0.8695652173913043,34.54033878291464,50.97713175329813,20.51207560845095,0,2.57366693980625,1.4339821040812502,1.6875,0.875,43.60974734329997,59.3778764150685,18.781916003336512,1,0,1,0,1,4,3
7579,43,3,Uruguay,Portugal,1.9308281903153848,1.2850888354692307,1.3846153846153846,0.6153846153846154,34.4303000920648,50.53303013489272,25.3558010674474,1,1.9845882015058824,1.4636390946117648,1.7058823529411764,1.1764705882352942,35.02034690754573,58.8817037334098,18.892200326345687,0,0,0,1,1,2,1
7582,43,3,Spain,Russia,2.3070793559549996,1.395633029385,2.15,0.9,35.47867412515245,68.00114487503672,17.42256000783021,0,1.4340869912857142,2.0979504583285715,1.7142857142857142,1.8571428571428572,35.28344671201814,42.14894128703092,25.753900201597087,0,0,0,0,1,1,1
7581,43,3,Croatia,Denmark,1.8641644314749999,1.8087956201249997,1.55,1.45,35.0093231044318,54.532125638196135,21.090402159235804,0,1.18660056114375,1.1969822041687501,1.0625,0.9375,36.31358225108225,52.58124228875665,21.15452365634811,0,0,0,0,1,1,1
7584,43,3,Belgium,Japan,1.305954416933333,1.182164920738889,1.3888888888888888,0.6111111111111112,35.88674622242397,54.057841383964586,19.694608764470317,0,1.6538667212142855,1.648390270285714,1.2857142857142858,1.1428571428571428,38.06515613238302,44.69984321693768,22.16115863951844,4,0,0,0,1,3,2
7583,43,3,Brazil,Mexico,2.470240367684615,1.0546272800076921,1.4615384615384615,0.6153846153846154,39.855195059601904,58.630025468240305,19.51175413308586,1,1.333024828411111,1.1557144166888889,0.6666666666666666,0.8888888888888888,30.587437254103918,55.4681591598289,22.645730260274018,2,0,0,0,1,2,0
7586,43,3,Sweden,Switzerland,1.3510613635,1.1984186165875,1.25,1.0,33.96967615717615,36.560697810612695,27.6221573964597,0,1.8488430611941173,2.0717672906411764,1.5294117647058822,1.5294117647058822,36.25187459300395,49.18691476789722,22.34116678297031,0,0,0,0,1,1,0
7585,43,3,Colombia,England,1.3144353448222224,0.8379628643111112,1.8888888888888888,0.5555555555555556,37.01401262804771,53.35697834978106,23.099819151443448,1,1.6335846259320002,1.190069668796,1.72,0.76,39.09143634143634,55.43103043732351,18.98503331698415,0,0,0,0,1,1,1
8650,43,3,Brazil,Belgium,2.5249500293615386,1.0682844866999999,1.5384615384615385,0.46153846153846156,41.13454728632256,57.92636642722945,19.838399165613243,1,1.4455419495166666,1.0757523532944446,1.4444444444444444,0.6666666666666666,35.19230177797953,54.91915467666434,19.38324593648597,0,0,0,0,1,1,2
8649,43,3,Uruguay,France,1.9141214720846154,1.3202268178076924,1.5384615384615385,0.5384615384615384,34.650080311845024,50.11888008226587,26.017380574527756,1,1.979730273408696,1.5183850455,1.6956521739130435,1.0,35.682192098681,50.01411111500327,20.72906125149317,0,0,0,0,1,0,2
8651,43,3,Sweden,England,1.3605962850000002,1.1702626239,1.375,0.75,32.40717615717615,35.503519085713066,27.649589263357733,0,1.8497267802519999,1.3466482118560001,1.68,0.8,39.69749694749695,55.17691498738106,19.366289406983267,0,0,0,0,1,0,2
8652,43,3,Russia,Croatia,1.3700852322857142,2.068040255185714,1.5714285714285714,1.7142857142857142,33.29931972789115,40.27486383979096,25.79186887743952,0,1.8901524825750002,1.7900734017749997,1.5,1.4,35.168185980685976,53.95571546908933,21.182238536255678,0,0,0,0,0,2,2
8655,43,3,France,Belgium,1.9300388035695655,1.5238775230652173,1.7391304347826086,1.0,35.32854117294769,51.08484112408782,20.441792142011174,0,1.4365634961277776,1.127280625638889,1.5555555555555556,0.6666666666666666,36.041067210078296,53.75556800417182,19.973240125986592,0,1,0,0,1,1,0
8656,43,3,Croatia,England,2.0614852397,2.0121621528749998,1.5,1.45,35.53379862890732,54.451293631264306,20.792443328583666,0,1.8581896558519997,1.294362900076,1.72,0.72,40.000527250527256,55.714937494929856,19.100769072403413,0,0,0,1,1,2,1
8657,43,3,Belgium,England,1.3946862646833333,1.1465211889166667,1.4444444444444444,0.7222222222222222,35.25543309111084,54.91023592967308,19.64941903713818,0,1.8266419548519999,1.327189339016,1.76,0.72,39.03083028083028,55.20125123952106,19.578687110381903,0,1,0,0,1,2,0
8658,43,3,France,Croatia,1.9554180712217393,1.484163636295652,1.608695652173913,0.9130434782608695,33.2118363674557,51.19594289106378,20.17621163336086,0,2.09453682689,1.9845971774749998,1.5,1.3,36.12470771981641,53.92643328555183,21.160928375041273,0,0,0,0,1,4,2
3788741,55,43,Turkey,Italy,1.2885782796,1.8505692647714285,1.2857142857142858,1.8571428571428572,31.616161616161612,51.324527064598,17.960248375860466,0,1.9653860983999998,1.6449817811499998,1.3,0.9,31.25729875410182,53.44314343298679,18.42426729802181,0,0,0,0,1,0,3
3788742,55,43,Denmark,Finland,1.35293895976875,1.5594355727937501,1.125,0.9375,37.24061574390521,51.193537674600485,21.88305247944622,0,0.602634659,1.1997278310000001,0.0,1.5,11.688311688311689,39.96686394028616,22.32734552371602,0,0,0,0,1,0,1
3788744,55,43,Wales,Switzerland,0.9886850503333333,1.68444517295,0.5,1.8333333333333333,28.88618326118326,42.39588741451894,24.818882231320533,0,1.7884377984588236,2.0914450412294117,1.4705882352941178,1.5294117647058822,36.04762622699088,49.41067793873107,22.12455923725132,0,0,0,0,1,1,1
3788743,55,43,Belgium,Russia,1.3906475731833332,1.2064146203611115,1.3888888888888888,0.7222222222222222,34.806499308843726,53.60998271253841,19.97796251686563,0,2.0459658412857142,2.6644144936142857,1.8571428571428572,1.5714285714285714,38.37868480725623,40.36784073689157,27.231622861224814,0,0,0,0,1,3,0
3788747,55,43,Austria,North Macedonia,1.2921497907142858,1.5714615862857142,1.2857142857142858,1.4285714285714286,35.92120181405895,51.68361092775196,21.713906780421176,0,1.3644444124499997,3.2302082115,0.5,2.5,23.07692307692308,44.530475655239364,24.42351598173516,0,0,0,0,1,3,1
3788745,55,43,England,Croatia,1.8517819865319998,1.3664120046,1.72,0.8,39.364163614163616,55.54272269523701,19.517388670938697,0,2.151546620355,2.0041525662249997,1.6,1.45,36.49970771981641,54.66656213088038,21.215960341531577,0,0,0,1,1,1,0
3788746,55,43,Netherlands,Ukraine,1.6875171690714288,1.3059008316785714,1.7857142857142858,0.9285714285714286,33.72483725424902,53.142122701091616,23.131304105538504,0,1.1881435559,1.1581156730285713,0.8571428571428571,1.5714285714285714,31.105673038446152,50.911154130832024,18.79219995310039,0,0,0,0,1,3,2
3788748,55,43,Scotland,Czech Republic,0.572568527,1.0942428916,0.6,2.0,12.272727272727272,41.34457166045281,21.541063075756227,0,1.3330021003,1.1310715523142858,1.0,1.2857142857142858,29.576290112004397,45.67316496589616,24.924149911022532,0,0,0,0,1,0,2
3788750,55,43,Spain,Sweden,2.4786289339549996,1.581862481935,2.2,0.95,36.421878993306606,67.67503309403584,17.44499106896832,0,1.3628898951250001,1.0240906734,1.375,1.0,37.09467615717615,38.76309803777029,27.389115475246303,0,0,0,0,1,0,0
3788749,55,43,Poland,Slovakia,1.133321895025,1.5910045281916665,0.9166666666666666,1.6666666666666667,27.613636363636363,42.88228099548803,23.60808977207112,0,0.7493542346500002,1.8329429387499998,0.6666666666666666,1.8333333333333333,21.593406593406595,47.24462888122002,22.000771907600082,0,0,0,0,1,1,2
3788752,55,43,Hungary,Portugal,0.9085039748,1.51014409778,1.0,1.6,36.112554112554115,36.585318150080376,24.51873923435778,0,1.885443673511765,1.4800147775117647,1.588235294117647,1.2941176470588236,32.39747957879604,58.7831990841649,18.75101088347066,0,0,0,0,1,0,3
3788751,55,43,France,Germany,1.9837632757000003,1.5126361694130432,1.7391304347826086,1.0,35.38574941093396,51.01346427577336,20.594750878589732,0,2.04052222295,1.0370836680214286,1.7857142857142858,1.3571428571428572,35.379030884983344,63.733683848873646,19.771549250385288,0,0,0,0,1,1,0
3788753,55,43,Finland,Russia,0.264348889,1.5465136995,0.5,1.0,57.14285714285714,35.17489774211123,24.456528734152776,0,1.9028610154285714,2.7256004460428573,1.7142857142857142,2.0,38.17460317460317,36.82521458089315,26.686473294548826,0,0,0,0,1,0,1
3788755,55,43,Turkey,Wales,1.1229629871714286,1.6672805422,1.2857142857142858,2.0,27.647907647907648,47.742017573549454,17.282177902366993,0,0.6056831003333333,1.7260392916166667,0.3333333333333333,2.0,25.298220298220297,42.1939157439374,24.08525706919343,0,0,0,0,1,0,2
3788754,55,43,Italy,Switzerland,1.9538959578,1.6267007591199998,1.3,0.9,32.28293977974285,54.80071036789185,18.112710242471326,0,1.8605590654411766,2.0249808031117644,1.5294117647058822,1.411764705882353,36.37442361261179,50.15854423942392,22.054320586691286,0,0,0,1,1,3,0
3788757,55,43,Denmark,Belgium,1.37353584714375,1.51172313604375,1.0625,0.875,37.45706596035543,52.60194636517317,21.679393170142365,0,1.4096183631277777,1.1305393248055557,1.4444444444444444,0.6666666666666666,33.571931407609156,54.268192514714855,19.817651765538333,0,0,0,0,1,1,2
3788758,55,43,Ukraine,North Macedonia,0.8100244911857143,1.0788414749285713,0.8571428571428571,1.8571428571428572,33.746729461015185,48.97911315199729,18.99920066975115,0,0.7920527551,2.330630887,0.5,3.0,18.13186813186813,39.104432457229635,25.416666666666668,0,0,0,0,1,2,1
3788756,55,43,Netherlands,Austria,1.551247108071429,1.31987441075,1.8571428571428572,1.0714285714285714,35.527558342684394,54.07835195150469,22.455728941145445,0,1.4411939208571432,1.214655188857143,1.7142857142857142,1.2857142857142858,42.90532879818594,53.29349146233476,21.594263923278316,0,0,0,1,1,2,0
3788759,55,43,England,Scotland,1.8458987539719995,1.350597687456,1.76,0.8,39.91971916971917,55.10630231863755,19.38946157841341,0,0.7720175184000001,1.0856206099999999,0.6,2.4,14.665071770334928,44.70634770013009,21.285013978719153,0,0,0,0,1,0,0
3788760,55,43,Croatia,Czech Republic,2.119042623525,1.943863730975,1.55,1.45,36.21561681072551,54.711371602154465,20.857935650173552,0,1.1756010575857143,1.2371462593142855,1.1428571428571428,1.1428571428571428,38.277588813303105,44.702513507484475,24.63314462001724,0,0,0,0,1,1,1
3788761,55,43,Sweden,Slovakia,1.2668727317500001,1.19588616915,1.25,1.0,33.24852231102231,35.39882342859135,28.87028318815114,0,0.7161110116500001,1.8004204354166669,1.0,1.8333333333333333,24.623709623709626,44.685376869913206,22.517962611861183,0,0,0,0,1,1,0
3788762,55,43,Spain,Poland,2.44426585063,1.595041488285,2.15,0.9,35.809133895267394,68.1168809142712,17.117394019573513,0,1.2030370961916668,1.40258078065,0.9166666666666666,1.75,26.13215488215488,45.668343706868455,22.641141320955608,0,0,0,0,1,1,1
3788764,55,43,Portugal,Germany,1.9292844269058824,1.3663133742588234,1.6470588235294117,1.0588235294117647,34.46012281790986,60.32285430500821,18.529546410974888,0,1.9472989544499997,0.9306753114999999,1.5,1.2857142857142858,32.24716275311521,64.01007768206567,20.0354414793614,0,0,0,0,1,2,4
3788763,55,43,Hungary,France,0.85332962184,1.7083452620000004,0.8,2.0,36.112554112554115,35.805541321316085,26.15075909163361,0,1.9296761462260874,1.5279373142608694,1.7391304347826086,0.9565217391304348,35.44968802985979,49.87673522032975,20.748925031182857,0,0,0,0,1,1,1
3788765,55,43,Switzerland,Turkey,1.7634921006941175,2.0520979640529413,1.3529411764705883,1.5294117647058822,34.797271012441286,50.16504230740356,21.919194072317424,0,1.1323155928857145,1.7944236242,1.1428571428571428,1.8571428571428572,27.330447330447328,49.48446894006098,18.548857158246935,0,0,0,0,1,3,1
3788766,55,43,Italy,Wales,1.9575672365499996,1.63600806625,1.5,0.9,31.54715382656559,52.79475389731878,18.86708398169744,0,1.0445519413333333,1.6662375068666666,0.6666666666666666,1.8333333333333333,27.03433140933141,43.485905408020095,25.58111014976215,0,0,0,0,1,1,0
3788768,55,43,Finland,Belgium,0.6267674700000001,1.6057945084999998,0.5,0.5,54.54545454545455,35.95947888853027,25.675694838343734,0,1.4046980112388887,1.2073623304166667,1.4444444444444444,0.7222222222222222,34.988053411966455,53.8728777665696,20.020273998926726,0,0,0,0,1,0,2
3788770,55,43,North Macedonia,Netherlands,1.4122821723499999,2.3409401525,1.0,2.5,33.51648351648352,42.14152436955784,24.006849315068493,0,1.5596497045714288,1.2951486194500001,1.7857142857142858,1.0714285714285714,34.116994116994114,53.326782569828886,22.663654405237896,0,0,0,0,1,0,3
3788767,55,43,Ukraine,Austria,1.214343270542857,1.1490082735999998,1.1428571428571428,1.8571428571428572,38.45261181395636,49.38340554436125,18.59456996369359,0,1.284700732,1.632833656785714,1.5714285714285714,1.5714285714285714,41.31802721088435,53.5245972869429,22.028476787528497,0,0,0,0,1,0,1
3788769,55,43,Russia,Denmark,1.9268693857142856,2.530555937114286,1.7142857142857142,1.4285714285714286,36.47392290249432,40.32109718927341,25.232457295547874,0,1.329327433175,1.50928130104375,0.875,0.9375,35.42953619845067,51.41915417236784,21.57277196083237,0,0,0,0,1,1,4
3788772,55,43,Czech Republic,England,1.3926853803,1.2868379735999997,1.2857142857142858,1.1428571428571428,37.53547378547379,45.633220046119156,25.125018016082254,0,1.8543630295719995,1.364293986256,1.72,0.8,38.364163614163616,55.26340790838504,19.30080559502058,0,0,0,0,1,0,1
3788771,55,43,Croatia,Scotland,2.129477352025,1.9839229014249997,1.45,1.45,33.942889537998234,53.924297776538836,21.236723528961427,0,0.6968176424000001,1.100112502,0.4,1.8,11.028708133971291,45.76612589976664,20.793693001961284,0,0,0,0,1,3,1
3788776,55,43,Sweden,Poland,1.3346457165,1.057441487025,1.0,0.75,32.549221611721606,36.5339504348528,27.96345302909045,0,1.1106581416916668,1.5336709534416666,0.8333333333333334,1.5833333333333333,26.687710437710436,42.13422720092452,23.289811748030548,0,0,0,0,1,3,2
3788775,55,43,Slovakia,Spain,0.79281181815,1.52723400225,1.0,1.1666666666666667,24.623709623709626,48.5575514385415,21.593719071539862,0,2.413854830455,1.618002230385,1.95,0.95,35.524046175969154,68.6216476447445,17.128316519200197,0,0,0,0,1,0,5
3788773,55,43,Portugal,France,1.9230092936294119,1.4030149767882354,1.6470588235294117,1.1764705882352942,33.1996186162292,60.039445996161845,18.94301150768169,0,1.9376504913956525,1.459723180978261,1.6956521739130435,0.9130434782608695,34.49642134769286,50.40964706181492,20.85470511199934,0,0,1,0,1,2,2
3788774,55,43,Germany,Hungary,1.949645372307143,1.0162900342714285,1.6428571428571428,1.2857142857142858,33.71236421831667,62.72326237790933,20.150150298378925,0,0.80060128564,1.6268117711800003,0.6,1.8,41.44588744588744,37.92081795219965,23.919230634849182,0,1,0,0,1,2,2
3794685,55,43,Italy,Austria,1.9727726895999997,1.55622777035,1.4,0.8,32.28293977974285,54.599133563663926,18.09038273794897,0,1.3496950712857143,1.4747218054285713,1.5714285714285714,1.2857142857142858,41.8140589569161,53.81181407836029,21.324838916676786,0,0,0,0,1,2,1
3794689,55,43,Wales,Denmark,0.9849373013333333,1.5852092902833335,0.6666666666666666,1.3333333333333333,31.074735449735446,40.633517573369744,25.746457263556888,0,1.34026943264375,1.5400637574812501,0.875,1.0,35.82016119845067,52.211669826368535,21.546853184913594,0,0,0,0,1,0,4
3794687,55,43,Belgium,Portugal,1.455593089961111,1.1532214425000002,1.5,0.7222222222222222,36.349709185386935,54.87501252506956,19.69773022591704,0,1.9716955348941179,1.4784433496705882,1.7647058823529411,1.2352941176470589,35.11777718400413,59.46174723440595,18.88036469600681,0,0,0,0,1,1,0
3794690,55,43,Netherlands,Czech Republic,1.7297828990000004,1.2573696106785714,2.0,0.9285714285714286,37.05817058758235,53.82997028075713,22.74141046521706,0,1.2669598318714286,1.2588801926,1.0,1.2857142857142858,33.623909159623445,44.941959374113935,24.416348636448095,0,0,0,0,1,0,2
3794691,55,43,France,Switzerland,1.7177908536391306,1.297587255652174,1.6521739130434783,0.8695652173913043,34.64942402523972,50.33077946626456,20.651586378365618,0,1.5406926849588236,1.7392423729117648,1.3529411764705883,1.411764705882353,34.08684191326539,50.44189659337184,21.78835742393258,0,0,0,0,1,3,3
3794686,55,43,Croatia,Spain,2.029139990525,1.900495221825,1.45,1.25,34.39743499254369,55.49386609718331,20.696431434960893,0,2.436009377605,1.483243148985,1.95,0.8,35.809133895267394,68.60882034337573,17.154799884695556,0,0,0,1,1,3,5
3794688,55,43,England,Germany,1.8335157738119998,1.3376737744159999,1.68,0.8,37.16416361416361,55.674047778806965,19.331820993124587,0,2.02387021245,0.9858345790214287,1.7857142857142858,1.2857142857142858,33.71236421831667,64.25671539641954,20.001353475498092,0,0,0,0,1,2,0
3794692,55,43,Sweden,Ukraine,1.35087932825,1.097006090775,1.25,0.75,34.21006077256077,34.89840297864808,29.276013571550894,0,1.0809143800428571,1.2320916944571427,0.8571428571428571,1.8571428571428572,37.5002308615754,48.80914533138626,19.784635326392895,0,0,0,0,1,1,2
3795108,55,43,Switzerland,Spain,1.6473860559294116,1.7177906392882354,1.4705882352941178,1.5294117647058822,34.90383537731768,51.47915506494175,21.591746607170112,0,2.228606059455,1.4247665129350002,2.15,0.9,35.686584875659555,68.29964551565368,17.21482658654501,0,0,0,0,1,1,1
3795107,55,43,Belgium,Italy,1.3679004443499998,1.157231630138889,1.5,0.6111111111111112,35.608968444646194,54.6467976372951,19.954000439457705,0,2.0102227193999997,1.47980203415,1.4,0.8,31.7334892302923,54.44913983955197,18.657522891377543,0,0,0,0,1,1,2
3795187,55,43,Ukraine,England,1.224725293185714,1.1887187450285712,1.1428571428571428,1.4285714285714286,37.228122018037986,49.6013287742129,20.21464419570812,0,1.8314349022919998,1.3665112028959998,1.6,0.8,37.96416361416361,55.438517351787176,19.662869111583248,0,0,0,0,1,0,4
3795109,55,43,Czech Republic,Denmark,1.2828804037285715,1.205458236742857,1.1428571428571428,1.0,35.11200439771868,43.86586959115765,24.714933060584308,0,1.39922598864375,1.50486085935625,1.0,0.9375,34.96788847117794,52.749983142490805,21.14038721452254,0,0,0,0,1,1,2
3795220,55,43,Italy,Spain,1.6929145254999998,1.20646934775,1.5,0.8,27.090632087435154,56.66049682570482,17.90428263138754,0,2.348203009155,1.406871838735,2.15,0.9,36.14246722860073,68.45198500679008,17.29408171592865,0,0,0,1,1,1,1
3795221,55,43,England,Denmark,1.7580483517719998,1.364994534736,1.68,0.76,38.4594017094017,55.176887110291155,19.492580486795475,0,1.45150469789375,1.38682838516875,1.0625,0.875,35.82016119845068,52.8995576914831,21.640892536765445,0,0,1,0,1,2,1
3795506,55,43,Italy,England,1.5245431272499999,1.22571126045,1.5,0.8,30.00729875410182,53.204868330689024,18.944087019882204,0,1.7063077813319998,1.1400410932360001,1.72,0.76,38.545981795981795,56.13766265093247,19.201127495342483,0,0,0,0,1,1,1
3857286,43,106,Qatar,Ecuador,0.5519013740000001,1.3084589475,0.5,2.5,45.0,41.05964841928423,20.993079970980524,4,1.7637517415833333,1.6742314641666667,1.1666666666666667,1.1666666666666667,34.681035550600775,46.150084520837765,24.186482420070103,1,0,0,0,0,0,2
3857282,43,106,United States,Wales,1.1876664074999999,0.8358951527666667,0.8333333333333334,1.0,33.333333333333336,48.52420615753186,25.723625611704264,2,0.8521197568333334,1.8440082930166668,0.5,1.8333333333333333,25.447029822029823,41.53140952587563,24.770483224552326,0,0,0,0,1,1,1
3857271,43,106,England,Iran,1.8005699100519998,1.3217893334680002,1.52,0.72,38.21031746031746,54.41937455496825,19.4311863849188,0,1.01514652146,1.3127714053600001,0.8,0.6,20.158730158730158,35.25180863481964,31.39828475243528,4,0,0,0,1,6,2
3857285,43,106,Senegal,Netherlands,1.6380128107300003,1.2139350577,1.8,1.1,33.41880341880342,46.61501666055402,26.203854736456986,3,1.7093650721428575,1.2989144972142859,1.8571428571428572,1.0714285714285714,34.91531344472521,53.69785388771153,22.939593394475548,0,0,0,0,1,0,2
3857279,43,106,France,Australia,1.8653079764391305,1.5344677732391305,1.608695652173913,0.9565217391304348,35.33849043172791,50.016973432633705,20.813761961283678,0,0.8793952572833335,1.0305468676,0.8333333333333334,1.1666666666666667,30.53062678062678,44.9210183034976,27.38867122433574,4,1,0,0,1,4,1
3857254,43,106,Denmark,Tunisia,1.37706531095625,1.5112197341687499,1.125,1.0,36.10425210754158,51.69735552562073,21.53913308298393,0,1.0944037169,1.5582441281999997,0.875,1.375,30.770626432391136,50.6823010291056,25.38396144899501,3,0,0,0,1,0,0
3857300,43,106,Argentina,Saudi Arabia,2.50834981486875,1.5267674409562502,1.8125,1.0,43.193080676633315,58.824043457574746,18.600502916884217,1,1.22323908686,1.61380192518,0.6,2.2,21.54901960784314,56.001411325948865,20.934881266410798,4,0,0,0,1,1,2
3857265,43,106,Mexico,Poland,1.3389875938111109,1.3982138655777776,0.6666666666666666,1.1111111111111112,27.340684007350674,54.47795363173927,22.986854862229293,2,1.154231379775,1.5763923080749997,1.0,1.8333333333333333,26.687710437710436,44.36345527898474,23.02900472251764,0,0,0,0,1,0,0
3857284,43,106,Germany,Japan,1.9017650805928572,0.9797096911642856,1.7142857142857142,1.2857142857142858,33.620789126741585,62.84351423587794,20.0384330199494,0,1.5745109885285713,1.6697920272142857,1.2857142857142858,1.4285714285714286,38.06515613238302,47.02293291793436,21.089249576066038,4,0,0,0,1,1,2
3857268,43,106,Belgium,Canada,1.4308316872388886,1.0792514271944444,1.5,0.7222222222222222,35.42378325946101,54.32593306171636,19.8404537343704,0,2.11790361275,2.4541292866125,0.75,1.625,29.17231525784157,49.45869090598597,24.616701693569148,2,0,0,0,1,1,0
3857277,43,106,Morocco,Croatia,1.5206633994384615,1.1822609913615383,1.0,0.9230769230769231,32.09435433715024,46.29168833548135,23.356339722919202,3,2.126058186125,2.0213634090749997,1.6,1.5,36.12470771981641,53.995057487403315,21.218356729832063,0,0,0,1,1,0,0
3857291,43,106,Spain,Costa Rica,2.436913340005,1.622654369835,1.85,0.95,35.53952605213014,67.83485729741572,17.30609841557184,0,0.5048904208375,2.1702275599,0.875,1.625,33.66071428571429,36.52248798397875,25.6164089879084,2,0,0,0,1,7,0
3857258,43,106,Brazil,Serbia,2.5622812714769228,1.0868944089307693,1.4615384615384615,0.6153846153846154,40.893744610737265,57.92117876635678,19.845705895609044,1,1.1320778785,1.4261846256125001,1.0,1.5,22.59469696969697,49.11622826433996,22.523093371879852,0,1,0,0,1,2,0
3857287,43,106,Uruguay,South Korea,1.935344621776923,1.3237491589384616,1.5384615384615385,0.6923076923076923,36.95777261953732,48.82068105852022,26.505598638297606,1,1.0203996869,2.0024598215,1.3333333333333333,1.8333333333333333,38.422035480859016,43.602381633786216,24.6010992241247,4,0,0,0,1,0,0
3857298,43,106,Portugal,Ghana,1.919806044747059,1.4457558376294117,1.588235294117647,1.1764705882352942,33.46699829537358,59.205666903393734,18.819956922811432,0,1.2560570486,1.6935535143,1.6,2.0,39.278499278499275,43.460947639681535,22.220411645478116,3,0,0,0,1,3,2
3857290,43,106,Switzerland,Cameroon,1.7962809148705883,2.0892609766117647,1.4705882352941178,1.588235294117647,34.8338073661132,50.138749726616666,21.94225463421391,0,0.8748688752833335,1.4439748250666666,1.5,1.8333333333333333,27.142857142857142,52.0714694419,23.981231097612795,3,0,0,0,1,1,0
3857272,43,106,England,United States,1.8616306860119998,1.359444197336,1.76,0.8,38.864163614163616,55.272665862236266,19.288580486795475,0,1.2023683729333332,0.9916780971,1.0,1.1666666666666667,34.44444444444444,50.857387617238686,25.76451862673521,2,0,0,0,1,0,0
3857301,43,106,Qatar,Senegal,0.22395276275000003,1.4339822857,0.0,2.0,30.0,42.1452324835917,18.52424771272939,4,1.6168656191800004,1.2303148203999998,1.5,1.2,32.75213675213676,45.808379404405365,26.095252098784584,3,0,0,0,0,1,3
3857274,43,106,Netherlands,Ecuador,1.7821807703571433,1.2303743830357141,1.9285714285714286,1.0,33.48674201615378,53.621238270106524,22.77828344313102,0,1.6809112404833335,1.70751895175,1.3333333333333333,1.0,38.56992443948966,47.31138836739473,23.350290494625625,1,0,0,0,1,1,1
3857273,43,106,Wales,Iran,0.9820698936666669,1.7020984341833334,0.6666666666666666,1.6666666666666667,27.58988696488696,38.438277552290536,24.993742609528283,0,1.01548665168,1.5870759161600003,0.8,1.8,21.944444444444446,31.897292715133528,29.361583041670702,4,0,0,0,1,0,2
3857289,43,106,Argentina,Mexico,2.64375164655625,1.52345931535,1.75,1.125,43.193080676633315,59.5027744871752,18.680156549554994,1,1.3748479582222222,1.488516319911111,0.6666666666666666,0.8888888888888888,28.603310269976937,56.53326011593904,23.431807824344723,2,0,0,0,1,2,0
3857266,43,106,France,Denmark,1.919087383352174,1.509891629673913,1.6956521739130435,0.9565217391304348,35.23046990782837,50.57572022260213,20.61114268268768,0,1.41944124320625,1.45661758973125,1.0625,0.875,37.69516119845067,52.29434861925815,21.608330745086352,0,0,1,0,1,2,1
3857297,43,106,Poland,Saudi Arabia,1.1045441916916665,1.456155512025,0.8333333333333334,1.8333333333333333,26.687710437710436,44.637251619986294,22.996829690342608,0,0.85953611846,1.7652941173800003,1.0,2.0,29.0,49.47280914126408,21.311906792450678,4,0,0,0,1,2,0
3857288,43,106,Tunisia,Australia,1.095374313525,1.7091842518624998,0.875,1.25,28.160736322501027,48.390497666179996,25.289544371819314,3,0.8734377191666667,1.3836011081,0.8333333333333334,1.8333333333333333,30.99358974358974,44.24291184281963,26.361400854925986,4,0,0,0,1,0,1
3857295,43,106,Japan,Costa Rica,1.642471857957143,2.036742175357143,1.5714285714285714,1.4285714285714286,39.530357597584484,42.652770252317154,21.976109946620856,4,0.47996937283749996,2.41877630715,0.75,2.5,30.53571428571429,33.45971986863262,26.798631348311332,2,0,0,0,1,0,1
3857281,43,106,Croatia,Canada,2.038040657225,2.025155598825,1.4,1.45,33.27855387366257,54.753753767127634,21.01067963503432,0,2.4003307571250003,2.2116080079875,0.625,1.25,27.75186071238703,48.99312866157757,24.68610769800885,2,0,0,0,1,4,1
3857263,43,106,Spain,Germany,2.54303447783,1.56530676415,2.15,0.9,35.74961008574358,68.69602534499215,17.146316727580373,0,2.017555602542857,1.0232638957714286,1.7142857142857142,1.3571428571428572,33.49591400186646,65.54850870948944,19.82159392087563,0,1,0,0,1,1,1
3857283,43,106,Belgium,Morocco,1.4323555079055554,1.1656460819722225,1.5555555555555556,0.6111111111111112,35.053412889090644,53.53206311400026,19.765524177127805,0,1.472319586053846,1.1982031777461537,0.8461538461538461,0.9230769230769231,30.94050818330409,46.51016767545602,23.086445125174347,3,0,0,0,1,0,2
3857270,43,106,Portugal,Uruguay,1.971755420476471,1.4200700867882352,1.6470588235294117,1.2941176470588236,34.96432449858214,59.36681323327072,18.745435447554666,0,1.8738533339307692,1.2683075064307692,1.5384615384615385,0.5384615384615384,35.629101290866,49.89865617353614,26.138277200800726,1,0,0,1,1,2,0
3857259,43,106,Cameroon,Serbia,0.63199620875,1.3920543672333332,1.0,1.5,27.30311355311355,53.210324633748115,23.23902644236466,3,0.935235361125,1.4328821468625002,0.625,1.375,18.4280303030303,47.15932708281471,21.62529136426476,0,0,0,0,1,3,3
3857269,43,106,Brazil,Switzerland,2.654678161684615,1.0772557911615386,1.5384615384615385,0.6153846153846154,40.945198173896515,58.25186514967474,20.025126362434417,1,1.8632171125764705,2.0710458827,1.5294117647058822,1.5294117647058822,37.35481576947454,50.40481768649783,22.137381035576247,0,0,1,0,1,1,0
3857299,43,106,South Korea,Ghana,0.8745996382333333,1.8752529055000002,1.0,1.3333333333333333,33.66013071895425,40.40233929208528,24.51650458375184,4,1.1759545449400002,1.8393696298999997,1.4,2.2,37.37373737373737,43.95036562909953,22.818782572796408,3,0,0,0,1,2,3
3857267,43,106,Ecuador,Senegal,1.78914316015,1.4403521709166667,1.3333333333333333,0.8333333333333334,35.6069614765267,44.926902223132544,23.059555539229777,1,1.5364156103800002,1.226157159,1.6,1.2,33.777777777777786,47.27612292111795,24.865144178535814,3,0,0,0,1,1,2
3857294,43,106,Netherlands,Qatar,1.6672172526428575,1.3380413637499997,1.8571428571428572,1.0714285714285714,34.860368389780156,52.99683027342975,23.118060808296587,0,0.63213756175,1.0284879601999999,0.5,2.5,15.0,46.33082930955271,21.840560006942233,4,0,0,0,1,2,0
3857278,43,106,Iran,United States,1.1221202528,1.4762720341600002,1.2,1.6,22.658730158730158,29.79085911107091,31.699233993957726,4,1.0931404397666666,0.9149861644333335,0.8333333333333334,1.1666666666666667,29.166666666666668,49.829677052796036,24.68970843342089,2,0,0,0,1,0,1
3857261,43,106,Wales,England,1.0500075091666667,1.4585105637833333,0.6666666666666666,1.5,30.20893458393458,42.57981934085018,25.765609867246955,0,1.7634368130519997,1.371695297496,1.64,0.8,38.80860805860806,54.9466330892607,19.462019908133627,0,0,0,0,1,0,3
3857257,43,106,Australia,Denmark,0.8549901177833333,1.4361037269333334,0.8333333333333334,1.8333333333333333,26.363960113960115,45.83843268026259,24.819888339510857,4,1.42890306883125,1.54810796798125,1.125,0.9375,37.159446912736385,51.299558741781915,21.54337816025213,0,0,1,0,1,1,0
3857264,43,106,Poland,Argentina,1.232592295025,1.3640985774416665,1.0,1.6666666666666667,29.465488215488218,45.439230356731684,23.373530628841298,0,2.47178567405625,1.52400909076875,1.75,1.125,42.30766400996664,58.59653431243046,18.79232005902658,1,0,0,0,1,0,2
3857260,43,106,Saudi Arabia,Mexico,1.0387091868599998,1.6477039487999998,0.8,2.0,30.88235294117647,54.18813309779224,17.773020363171486,4,1.1397666608666666,1.4050822084666668,0.4444444444444444,1.0,27.107583774250443,54.455424357309084,22.572142767060274,2,0,0,0,1,1,2
3857275,43,106,Tunisia,France,1.1896022334,1.6944403011999998,0.75,1.375,24.2321648939296,51.17051378221545,24.53114759618116,3,1.9824169509608698,1.5355523625434784,1.7826086956521738,0.9565217391304348,35.16835810658614,49.884563008979455,20.65500373088699,0,0,0,0,1,1,0
3857296,43,106,Croatia,Belgium,2.1338001165750002,1.9204033532849998,1.6,1.5,35.3065259016346,54.74303784539476,21.113375915341443,0,1.335731729583333,1.1820953405277779,1.5555555555555556,0.7222222222222222,36.233968444646194,54.42678107651483,19.921804455796586,0,0,0,0,1,0,0
3857255,43,106,Japan,Spain,1.5875765469571428,1.9426930576428572,1.2857142857142858,1.4285714285714286,35.68420375143064,48.08772807819758,21.244663732268524,4,2.532123903255,1.564764336235,2.15,0.85,35.8091338952674,67.84184317042808,17.59951506751702,0,0,0,0,1,2,1
3857276,43,106,Canada,Morocco,2.2992279032500003,2.4845839152374998,0.625,1.5,30.876860712387025,48.0198297268912,25.051227358573303,2,1.5157584110538462,1.1633565677461537,0.8461538461538461,0.8461538461538461,31.81962906242497,45.88676664367802,23.157169051130374,3,0,0,0,1,1,2
3857292,43,106,Costa Rica,Germany,0.37554741246249995,1.9759546944,0.625,2.0,24.732142857142858,34.7537003432351,25.27555572881898,2,1.79118743945,0.9950322278785715,1.5,1.2857142857142858,33.55875438728749,63.311872631867914,19.77173162007717,0,0,0,0,1,2,4
3857256,43,106,Serbia,Switzerland,1.003868329625,1.30373138145,0.75,1.375,18.4280303030303,47.61417149197426,21.95093029971678,0,1.6976355656941176,2.0553827304058823,1.3529411764705883,1.4705882352941178,34.4136392988863,50.413639076393395,21.80300115969958,0,0,0,1,1,2,3
3857262,43,106,South Korea,Portugal,0.8694013617333333,1.9097218325,1.0,1.6666666666666667,30.08870214752568,44.65081863159407,23.888387508176738,4,1.9858737581000003,1.4093464750235294,1.7058823529411764,1.1764705882352942,33.4258629601206,59.21180584799287,18.8645932230244,0,0,0,0,1,2,1
3857280,43,106,Cameroon,Brazil,0.9131543081999999,1.2853624370666665,1.3333333333333333,2.0,30.416666666666668,54.28805366784214,22.741670133642383,3,2.542717475684616,1.069968746776923,1.6153846153846154,0.5384615384615384,40.97337512515038,57.463011833823586,19.617195566652292,1,0,0,0,1,1,0
3857293,43,106,Ghana,Uruguay,1.1335228823399999,1.78561650278,2.0,2.2,37.056277056277054,40.896652575386476,22.376661645478116,3,1.841555074192308,1.2545413421692309,1.3846153846153846,0.6923076923076923,33.88084954261426,49.315026541323505,25.932168020332572,1,0,0,0,1,0,2
3869151,43,106,Argentina,Australia,2.57147819880625,1.5097264298312498,1.75,1.0625,43.460937819490454,59.38332234923945,18.70503492195659,1,0.8622577106166668,1.3120329484333335,0.8333333333333334,1.5,31.363960113960115,44.70988138353808,27.33843856782136,4,0,0,0,1,2,1
3869117,43,106,Netherlands,United States,1.6837890496428576,1.2302998659642856,1.7857142857142858,1.0,33.16206669147845,54.53920947777205,22.46545036652952,0,1.0127332826,0.8214598022666667,0.8333333333333334,0.6666666666666666,30.555555555555557,48.4346001812445,25.771606188241957,2,0,0,0,1,3,1
3869118,43,106,England,Senegal,1.8392552814119998,1.3411034200960001,1.64,0.8,38.364163614163616,55.0937769857702,19.33437153157159,0,1.60988143808,1.2243210916,1.8,1.0,35.085470085470085,47.33801348723094,25.767628226269068,3,0,0,0,1,3,0
3869152,43,106,France,Poland,1.954182815352174,1.4792401826304349,1.6521739130434783,0.9565217391304348,34.298792889194836,50.31154081211559,20.710004143046614,0,1.1162646384416666,1.5266223446083333,0.9166666666666666,1.5833333333333333,28.076599326599325,43.93116062362583,23.387368011915413,0,0,1,0,1,3,1
3869219,43,106,Japan,Croatia,1.1525513906714284,1.4954523007857143,1.4285714285714286,1.4285714285714286,36.104371818657526,44.73934386547739,21.96050441467739,4,1.9691313360749998,1.8293465195749998,1.55,1.45,35.45804105314975,54.312421132398775,21.11922433611977,0,0,0,0,1,1,1
3869253,43,106,Brazil,South Korea,2.474778611607692,1.0729328602076924,1.3076923076923077,0.5384615384615384,39.630273782049045,58.26636253875407,19.75342059383359,1,1.0450938945,1.5284381939999998,1.1666666666666667,1.1666666666666667,25.922035480859012,43.33841958323803,24.825946997992087,4,0,0,0,1,4,1
3869220,43,106,Morocco,Spain,1.2636068125153845,1.0287509640615384,1.0,0.9230769230769231,29.40204664484255,47.09298146552731,22.79687128438099,3,2.43273497066,1.437435639535,2.2,0.95,36.89246722860072,68.17557346535482,17.476135787557304,0,0,1,0,1,0,0
3869254,43,106,Portugal,Switzerland,1.9087833027470589,1.4168261986705886,1.411764705882353,1.2352941176470589,32.61138332211155,60.00228913933974,18.593564798304868,0,1.805381936282353,1.9909558791117647,1.4705882352941178,1.2352941176470589,35.5901098871216,50.06644782056891,22.070670187877802,0,0,0,0,1,6,1
3869420,43,106,Croatia,Brazil,1.9802067711749998,1.7919788301000001,1.55,1.45,35.201630796739494,54.71751132522481,21.144842275108342,0,2.3448627301846154,0.8096973581615384,1.5384615384615385,0.5384615384615384,39.416598568373836,58.51700796198736,19.84338569171128,1,0,0,0,1,1,1
3869321,43,106,Netherlands,Argentina,1.4691397845,0.9299713240357141,1.8571428571428572,0.9285714285714286,32.89150392091568,53.79755139231388,22.455821441237948,0,2.2980333345562496,1.25591892939375,1.75,1.0,42.732554360843835,60.150865799032815,18.37699856319661,1,0,0,0,1,2,2
3869354,43,106,England,France,1.7859541607719998,1.3464411960559999,1.72,0.72,38.614163614163616,55.221444569496995,19.44419339002128,0,1.9666616179173917,1.446239123804348,1.6956521739130435,0.9565217391304348,33.755314628325266,50.842258669785146,20.569547626557213,0,0,0,0,1,1,2
3869486,43,106,Morocco,Portugal,1.4737877149,1.190394818153846,0.9230769230769231,0.9230769230769231,31.453328696124597,47.09781812024932,22.70188800678902,3,1.9993797292352942,1.4344617455529411,1.7647058823529411,1.2352941176470589,34.67020685152332,58.4399161586514,18.81584542972935,0,0,0,1,1,1,0
3869519,43,106,Argentina,Croatia,2.54755420074375,1.510730441,1.6875,1.125,40.8319695655222,60.656125002639115,18.560883980192056,1,2.14804852931,1.946277194275,1.6,1.35,36.291374386483085,54.200664964038836,21.268722107471635,0,0,0,1,1,3,0
3869552,43,106,France,Morocco,1.9160926143521742,1.4950298841086955,1.6956521739130435,1.0,35.85158792025073,51.01736080146561,20.520048989028183,0,1.4539153214384617,1.093600328976923,1.0,0.7692307692307693,32.83399930756445,44.33096563996656,23.399866776601435,3,0,0,0,1,2,0
3869684,43,106,Croatia,Morocco,2.126087763195,1.9899225018749997,1.5,1.45,35.45804105314975,54.662203425577296,20.85582647949946,0,1.4722927729769233,1.1823064945461539,0.9230769230769231,0.7692307692307693,32.30802955082545,45.26530996905985,23.34750487352966,3,0,1,0,1,2,1
3869685,43,106,Argentina,France,2.29580778486875,1.1984451717687499,1.6875,0.9375,42.04724734329997,59.72679008577451,18.313166003336512,1,1.7680852737869563,1.2923367564565216,1.6521739130434783,0.8695652173913043,33.98823388298366,50.73440919976351,20.6190880187754,0,0,0,1,1,3,3
3920384,1267,107,Côte d'Ivoire,Guinea-Bissau,1.8026183295333336,1.7175089503833334,1.0,1.3333333333333333,30.79050579050579,57.88445167931473,23.58384610721029,3,0.6929384108499999,1.3741547205,1.0,2.5,33.333333333333336,49.32144290587999,21.26994991942052,3,0,0,0,0,2,0
3920385,1267,107,Egypt,Mozambique,2.396324228583333,2.4879138075,1.1666666666666667,1.8333333333333333,31.618967452300783,49.44640236254526,22.88288645809743,3,0.9353163102500001,1.2211015729499999,1.0,2.5,26.785714285714285,55.628430911426854,26.614583333333336,3,0,0,0,1,2,2
3920387,1267,107,Ghana,Cape Verde Islands,1.12447312214,1.5688853638999998,1.8,2.2,44.12698412698412,41.53218512872725,22.724797610390397,3,2.0012443170000003,1.7757798228500001,1.5,0.5,35.25252525252525,53.8370611200117,23.3522688402787,3,0,0,0,1,1,2
3920386,1267,107,Nigeria,Equatorial Guinea,1.5960674713777776,1.4019892467111112,1.1111111111111112,0.7777777777777778,26.237520076529364,43.73448295863715,28.185123277440013,3,1.2754152276666666,1.2204090956666667,2.6666666666666665,1.0,48.333333333333336,44.47133085691778,24.928018674719254,3,0,0,0,1,1,1
3920390,1267,107,Algeria,Angola,1.5922265928500001,1.29363919315,1.0,1.5,32.291666666666664,69.26686226875997,18.36299892125135,3,1.36717397825,1.109758934125,2.0,0.75,42.42424242424243,48.905543825201754,24.40855824156388,3,0,0,0,1,1,1
3920388,1267,107,Senegal,Gambia,1.5350969613800003,1.2254838919000002,1.5,1.3,31.799755799755804,44.57199047310118,25.729654155061638,3,0.77548288,1.90285721,1.0,2.0,23.333333333333332,44.82012354625186,26.622373077200837,3,0,0,0,1,3,0
3920389,1267,107,Cameroon,Guinea,0.8305188335333332,1.5633623011666666,1.3333333333333333,1.8333333333333333,34.99542124542125,48.810589031005,23.81528593166763,3,1.171053565375,0.95149255,0.75,1.25,34.776785714285715,54.204260101573794,24.843744392204716,3,0,0,0,1,1,1
3920393,1267,107,Tunisia,Namibia,1.1180602708375,1.5528031234874997,0.875,1.25,27.565498227262935,48.07053839412762,24.555218640817756,3,0.6984849332999999,1.4941213875,0.0,2.3333333333333335,26.11111111111111,44.6941961497975,31.687854445856654,3,0,0,0,1,0,1
3920391,1267,107,Mali,South Africa,0.877462253075,0.870899955075,1.0,1.0,22.862554112554115,60.94571293479858,20.012258602830375,3,2.9750858961666666,3.613176531283333,1.1666666666666667,0.16666666666666666,51.51320901320901,51.36918361870132,25.395455000190037,3,0,0,0,1,2,0
3920392,1267,107,Burkina Faso,Mauritania,1.2380819422666667,1.1826898479333332,1.0,2.0,35.952380952380956,44.33689774778407,28.104699311240115,3,1.072199570033333,1.6006337575333334,1.0,1.3333333333333333,25.630252100840334,36.801929781438226,32.26491663221717,3,0,0,0,1,1,0
3920394,1267,107,Morocco,Tanzania,1.3716139861307692,1.2467174213615384,0.7692307692307693,0.9230769230769231,30.42768767048357,45.011888177176516,23.307150385810534,3,0.2244617103,0.72811790505,0.5,0.5,16.666666666666664,52.53438579717918,23.276287641928583,3,0,0,0,1,3,0
3920395,1267,107,Congo DR,Zambia,3.540156622,2.8787949648833333,0.8333333333333334,0.6666666666666666,30.28915528915529,44.054850435680606,25.236229311738057,3,0.6185725584499999,1.405930456,0.5,1.0,27.272727272727273,44.102859599898295,23.48518795120737,3,0,0,0,1,1,1
3920397,1267,107,Equatorial Guinea,Guinea-Bissau,0.793611095,1.7713548735,1.6666666666666667,0.6666666666666666,27.5,43.756972508331245,23.93466168136226,3,0.440538747,0.8388541,0.0,1.5,35.833333333333336,44.74849569180375,23.038038670542146,3,0,0,0,1,4,2
3920396,1267,107,Egypt,Ghana,2.517260835983333,2.5382890441666666,1.1666666666666667,1.8333333333333333,27.831088664421998,50.0784954406815,22.625370472123834,3,1.32687229434,1.8722121629,1.6,2.2,35.94516594516594,42.63294337642547,22.359300534367,3,0,0,0,1,2,2
3920398,1267,107,Côte d'Ivoire,Nigeria,1.8192291708333335,1.5431830562666669,1.3333333333333333,1.1666666666666667,33.885743885743885,57.400359158931884,22.73761786736503,3,1.7195876154333332,1.3714174568000002,1.1111111111111112,0.8888888888888888,29.320986317890338,45.311541247104834,27.146982381388874,3,1,0,0,0,0,1
3920401,1267,107,Guinea,Gambia,0.738979793225,1.1076612385,0.75,1.5,35.297619047619044,48.10256596786911,27.497853981245807,3,1.152431186,1.543925426,1.0,3.0,31.666666666666664,39.05123431417587,29.858950006062322,3,0,0,0,1,1,0
3920399,1267,107,Cape Verde Islands,Mozambique,2.531538379525,2.05251290595,1.25,0.75,32.22222222222222,54.49454576786749,24.20935987029956,3,1.13391025595,1.8861825227,2.0,2.0,30.95238095238095,49.66528676206096,27.844356796116504,3,0,0,0,1,3,0
3920400,1267,107,Senegal,Cameroon,1.5840440913800002,1.3014687312,1.5,1.2,30.085470085470085,46.570637922274855,24.950090306140776,3,0.9356232560333333,1.4765355977333332,1.3333333333333333,1.5,34.226190476190474,51.47026911554398,23.488234668060482,3,0,0,0,1,3,1
3920402,1267,107,Algeria,Burkina Faso,0.9416683128500001,1.2628757796499999,0.5,1.0,25.0,70.91386417280842,17.84323068675919,3,1.1973040079333332,0.6885599179333332,0.6666666666666666,1.3333333333333333,36.81818181818182,53.07267338461446,27.38195352880847,3,0,0,0,1,2,2
3920404,1267,107,Tunisia,Mali,1.1606395124375,1.6483439264499997,0.75,1.25,29.2321648939296,50.632495864060544,24.745040558057994,3,1.2515179264249998,1.08585397355,1.25,0.75,31.71672077922078,57.15278243908171,20.625841756492363,3,0,0,0,1,1,1
3920403,1267,107,Mauritania,Angola,0.8736383167666667,1.2982005245333335,0.3333333333333333,0.6666666666666666,28.540305010893245,30.92697469699698,31.35028248587571,3,1.1555507975,1.0061563016750001,1.5,0.5,38.495670995671,45.93642745888568,24.491673013829406,3,0,0,0,1,2,3
3920405,1267,107,Morocco,Congo DR,1.4674331534615386,1.0699243602076924,0.9230769230769231,0.8461538461538461,31.220228463024366,44.836218436289386,23.170703903374903,3,3.6021599131666675,2.7190950697666665,0.8333333333333334,0.6666666666666666,31.579839913173245,45.68233481790546,25.20029961613915,3,0,0,0,1,1,1
3920406,1267,107,Zambia,Tanzania,0.2682043154,2.5518739725,0.5,1.0,25.757575757575758,43.66520068255047,24.848927456539794,3,0.0352404558,1.4796739349999999,0.0,1.5,0.0,49.2314448836188,21.90781652466812,3,0,0,0,1,1,1
3920407,1267,107,South Africa,Namibia,2.8374513354333337,3.9087492021166668,0.5,0.5,48.735431235431236,51.94604728404678,24.7708776838834,3,1.0456648517333333,1.0457915523333332,0.3333333333333333,1.0,28.034188034188034,41.76582289357461,29.347607809085357,3,0,0,0,1,4,0
3920410,1267,107,Mozambique,Ghana,0.5296045553000001,1.26411884465,1.0,2.5,29.166666666666664,44.73653292275467,27.896440129449836,3,1.04342866034,1.80500379072,1.6,2.2,35.94516594516594,43.25756977501335,21.5187708855472,3,0,0,0,1,2,2
3920411,1267,107,Cape Verde Islands,Egypt,2.57955692,1.694144453225,1.5,0.25,31.085858585858585,55.103454882675635,23.594768276326523,3,2.4237767909,2.5414529355,1.1666666666666667,1.8333333333333333,31.085858585858585,50.79495197842161,21.592434444708143,3,0,0,0,1,2,2
3920409,1267,107,Guinea-Bissau,Nigeria,0.7820143801499999,1.2421967865,1.0,3.0,27.5,44.29068914956012,23.84166734643935,3,1.786782953988889,1.3998361613000003,1.1111111111111112,0.8888888888888888,29.320986317890338,43.821811942806,28.22444572148115,3,0,0,0,1,0,1
3920408,1267,107,Equatorial Guinea,Côte d'Ivoire,1.0218838000000001,1.4263269033333332,1.6666666666666667,1.3333333333333333,29.166666666666668,50.45076781653963,22.990433871462812,3,1.57551803145,1.6236648544333334,1.3333333333333333,0.6666666666666666,35.18444518444519,56.44065764202383,22.20184851799716,3,0,0,0,1,4,0
3920415,1267,107,Mauritania,Algeria,0.8013229362666666,1.5840508529666666,0.6666666666666666,1.6666666666666667,26.719576719576718,40.91072899044783,29.58130081300813,3,1.3474876910000002,1.2282288905,1.5,1.5,26.041666666666664,64.90667041233573,18.924676209952285,3,0,0,0,1,1,0
3920412,1267,107,Guinea,Senegal,1.210317878725,0.9355931527499999,1.0,1.0,36.860119047619044,49.30363661011838,28.01255986359875,3,1.6128849624800004,1.2710071951,1.6,1.3,34.41880341880342,46.36151318334559,26.139517143049623,3,0,0,0,1,0,2
3920413,1267,107,Gambia,Cameroon,0.631447152,2.079582984,0.0,2.0,8.333333333333332,38.65024516427937,25.203790043615584,3,0.7491811582,1.4656544287333333,1.0,1.6666666666666667,33.71336996336996,51.15175963555873,23.398282972291792,3,0,0,0,1,2,3
3920414,1267,107,Angola,Burkina Faso,1.4454737968750002,1.035179489575,1.75,1.0,25.162337662337663,45.62919471162295,25.262424001971695,3,1.2852190462,1.0598198407666668,1.3333333333333333,1.3333333333333333,46.1038961038961,47.5033585944957,26.97805071142078,3,0,0,0,1,2,0
3920419,1267,107,Zambia,Morocco,0.44680104605,1.5363129405000004,1.0,1.0,34.848484848484844,45.48171178078394,23.415021556614477,3,1.3622901292846155,1.2137905819153847,0.9230769230769231,0.9230769230769231,31.18342316306117,44.612780563862465,23.42003273831168,3,0,0,0,1,0,1
3920418,1267,107,Tanzania,Congo DR,0.2011481695,1.5487253190499999,0.5,2.0,16.666666666666664,50.77768838830786,18.970511933586998,3,3.877354944666667,2.885108099283334,1.0,0.8333333333333334,29.054587387920723,45.045532007189614,24.633305254512923,3,0,0,0,1,0,0
3920417,1267,107,Namibia,Mali,1.0164619238666666,1.5572779060000002,0.3333333333333333,2.3333333333333335,29.700854700854702,46.266487085134266,29.10616189297056,3,1.2926547366749999,1.054327205975,1.5,1.0,29.254599567099568,56.03612948419346,19.88946182615678,3,0,0,0,1,0,0
3920416,1267,107,South Africa,Tunisia,3.1199948376499997,3.8338912646166663,1.1666666666666667,0.5,56.81623931623931,53.00320757557318,24.761963121053558,3,1.099683773475,1.6890125756124996,0.875,1.375,29.459437621202326,48.710203051025,24.712965777999344,3,0,0,0,1,0,0
3922237,1267,107,Angola,Namibia,1.2701706376250002,1.066303303,1.5,1.0,36.904761904761905,44.832060811040776,23.89103088996425,3,0.9449298866999998,1.2558560031666668,0.3333333333333333,1.3333333333333333,25.25641025641026,41.23338293438306,32.276199279343494,3,0,0,0,1,3,0
3922238,1267,107,Nigeria,Cameroon,1.7491291455444444,1.4054850439333333,1.0,0.8888888888888888,24.775531772435798,44.687180622744215,27.657358990569364,3,0.9269439612,1.4634495294,1.5,1.6666666666666667,37.55952380952381,50.68697959160608,24.132746249127948,3,0,0,0,1,2,0
3922239,1267,107,Equatorial Guinea,Guinea,1.0674205693333334,1.930387792,3.0,1.0,52.5,43.72820997956871,25.476396342067982,3,1.2092796631,0.932268704,0.75,1.5,33.110119047619044,49.80344517444308,27.70758552486997,3,0,0,0,1,0,1
3922240,1267,107,Egypt,Congo DR,1.313832835483333,1.1714823635,1.3333333333333333,2.0,26.240179573512904,50.271815687958586,21.444833974977318,3,2.5494015040000004,1.4908424065499999,0.8333333333333334,0.6666666666666666,27.467285800619134,45.92653017079647,24.973701004337954,3,0,0,0,1,1,1
3922242,1267,107,Senegal,Côte d'Ivoire,1.1836210761500001,0.8225139419999999,1.7,1.2,31.641025641025642,47.042783451309404,24.96118062959247,3,1.0807518643666667,0.9332097277166665,1.1666666666666667,1.1666666666666667,25.918710918710918,58.33328040435313,23.191231416002015,3,0,0,0,1,1,1
3922241,1267,107,Cape Verde Islands,Mauritania,2.288413888775,1.9410223866,1.75,0.75,38.03030303030303,49.57028613044422,24.423522855081103,3,0.9850940680333332,1.4556746385666666,1.0,1.3333333333333333,40.44506691565515,38.8184974732278,28.598249965550508,3,0,0,0,1,1,0
3922244,1267,107,Mali,Burkina Faso,1.2965186768499999,0.853364578575,1.0,0.75,26.65719696969697,57.95154400471444,19.781983097988395,3,1.1302993314,1.1326561181666668,1.0,1.3333333333333333,34.43722943722943,51.045421918661845,26.38272771558431,3,0,0,0,1,2,1
3922243,1267,107,Morocco,South Africa,1.3877564252076924,1.2291226899,1.0,0.7692307692307693,32.83399930756445,44.854146613184945,23.47087465327487,3,3.166620296766667,3.6551021020166665,0.8333333333333334,0.5,49.84654234654234,52.93162602987632,25.707055785236687,3,0,0,0,1,0,2
3922356,1267,107,Congo DR,Guinea,3.711760834666667,2.7056634688833334,0.5,0.6666666666666666,30.763989097322426,46.82788212355029,25.44566493784035,3,1.064803040475,0.7581281547499998,0.75,0.75,32.39583333333333,46.57722162111672,26.92967216306399,3,0,0,0,1,3,1
3922321,1267,107,Nigeria,Angola,1.7322402165444444,1.3327772842666668,1.1111111111111112,0.8888888888888888,27.766984763888786,44.29160625676295,27.410175062501548,3,1.42779217975,0.918567119125,2.25,0.75,40.995670995671,43.76527617767167,24.81419167873937,3,0,0,0,1,1,0
3922659,1267,107,Mali,Côte d'Ivoire,1.1336784846749999,1.009018934725,1.25,0.5,24.70914502164502,56.89792126649902,21.415789705888265,3,1.7808695390333336,1.5862583799333334,1.0,1.1666666666666667,32.91171791171791,61.49689553394927,22.332194930156934,3,0,0,0,1,1,2
3922658,1267,107,Cape Verde Islands,South Africa,1.3244379077,1.0776026647749999,2.0,0.75,37.75252525252525,54.273158098350365,21.876076340243284,3,2.5016214383833337,3.0989337451500005,1.1666666666666667,0.5,52.34654234654234,52.19995615467716,25.14393676837624,3,0,0,0,1,0,0
3922837,1267,107,Nigeria,South Africa,1.2936716936888888,0.8952798591555555,1.1111111111111112,0.7777777777777778,24.48313411161708,45.03098030477919,27.87977090312212,3,2.391318451266667,3.102038146066667,1.0,0.3333333333333333,51.51320901320901,50.39201643603878,26.232865987976965,3,0,0,0,1,1,1
3922838,1267,107,Côte d'Ivoire,Congo DR,1.7788408278666668,1.6680974909333333,1.1666666666666667,1.3333333333333333,35.076220076220075,58.60907540857582,21.837373017652094,3,3.8495187860000004,2.753273569383333,1.0,0.6666666666666666,32.22919056252389,45.869927573266175,23.82228831446373,3,0,0,0,0,1,0
3923880,1267,107,South Africa,Congo DR,2.2482879489333336,2.80915126185,1.1666666666666667,0.5,48.30808080808081,51.17182622320151,26.437673160092274,3,2.7928435845,1.9364250135499999,1.0,0.8333333333333334,26.276809610142937,45.877992622258915,24.791072616581364,3,0,0,0,1,0,0
3923881,1267,107,Nigeria,Côte d'Ivoire,1.8659628838777778,1.2817835963222222,1.1111111111111112,0.6666666666666666,28.108865105769127,45.29561514422221,27.710351844814173,3,1.6847783801166667,1.7627459589333334,1.0,1.1666666666666667,30.975690975690977,57.424248313255816,23.41393577333856,3,1,0,0,1,1,2
3930158,55,282,Germany,Scotland,1.9677211882357142,1.064619237307143,1.4285714285714286,1.3571428571428572,32.52188802784049,62.93673639448086,20.642165231331443,0,0.9070022811999999,0.8874811566,0.4,1.4,16.483253588516746,47.14963510567847,22.25588776512692,0,0,0,0,0,5,1
3930159,55,282,Hungary,Switzerland,0.72745912234,1.62719700438,0.8,1.6,41.44588744588744,32.92642044219521,25.18161802223657,0,1.7569147598705883,2.060450844582353,1.3529411764705883,1.5294117647058822,34.60971773025886,50.1550928485377,22.075685825447835,0,0,0,0,1,1,3
3930160,55,282,Spain,Croatia,2.496650384205,1.498549425835,2.05,0.95,35.619739955873456,69.56200237432346,17.207207942028848,0,2.044446267375,1.961136228425,1.6,1.35,35.56220771981641,54.540684066235585,21.324356427797646,0,1,0,0,1,3,0
3930161,55,282,Italy,Albania,1.9794999223999998,1.62462270135,1.4,0.8,31.64945561684692,52.98009081725171,18.834729576520736,0,0.9145071425,1.4051562784999998,1.0,1.5,45.0,37.02195761053435,24.889924889924888,0,0,0,0,1,2,1
3930162,55,282,Slovenia,Denmark,1.5943732163333333,2.096409885666667,0.3333333333333333,0.3333333333333333,32.26495726495727,32.02159441536729,24.09200067647556,0,1.38052276939375,1.5170662570875,1.0625,0.9375,37.38266119845067,51.30093725897006,22.021425401507088,0,0,0,0,1,1,1
3938637,55,282,Poland,Netherlands,1.1732954352499998,1.5110906261083334,0.9166666666666666,1.6666666666666667,24.604377104377107,44.865884305563405,23.31922351273643,0,1.6958742639285715,1.2833670075142858,1.8571428571428572,1.0,35.697626369895275,52.786305271812424,23.050609536026037,0,0,0,0,1,1,2
3930163,55,282,Serbia,England,1.121318115875,1.621819049575,1.0,1.625,20.511363636363637,48.481104326708575,23.07925017803666,0,1.8577036547719998,1.370039467616,1.72,0.8,37.96416361416361,55.3953718180756,19.529597061381107,0,0,0,0,1,0,1
3930164,55,282,Belgium,Slovakia,1.370819788072222,1.181201752338889,1.5555555555555556,0.6666666666666666,35.53952400020175,53.9127509446881,19.994893270891748,0,0.6898012024166666,1.7727071064166668,0.8333333333333334,2.0,17.957042957042958,47.63963866595583,21.098709664704348,0,0,0,0,1,0,1
3930165,55,282,Austria,France,1.3911562911428572,1.4193699777142859,1.7142857142857142,1.4285714285714286,35.92120181405896,53.37295019340628,21.668668685183082,0,1.9203498900478262,1.5159884347608694,1.7391304347826086,1.0,35.54102891403955,50.58613899537385,20.5915562763659,0,0,0,0,1,0,1
3938638,55,282,Romania,Ukraine,0.8785587363333335,1.7055987556666665,0.3333333333333333,2.0,34.70899470899471,41.04697134930972,22.528251716736648,0,1.1953161359,1.2022161220285714,1.1428571428571428,1.5714285714285714,39.111952473297016,46.558844365098416,19.066850092523683,0,0,0,0,1,3,0
3938639,55,282,Turkey,Georgia,0.966804982,1.8523360337714287,0.8571428571428571,2.142857142857143,27.07070707070707,48.63174676222766,18.8057604955843,0,0.879497787,2.662103184566667,1.3333333333333333,1.6666666666666667,20.952380952380953,30.78023374566182,24.66378425333649,0,0,0,0,1,3,1
3930166,55,282,Portugal,Czech Republic,1.9350626632941177,1.4731238737294117,1.6470588235294117,1.2352941176470589,33.66401490105892,58.51470946448395,19.07317089632204,0,1.4038676064428572,1.1160978135000001,1.1428571428571428,1.0,36.71914725486153,48.06458255003491,24.57261193236591,0,0,0,0,1,2,1
3930168,55,282,Germany,Hungary,1.9935026932357138,0.9812258531642858,1.6428571428571428,1.4285714285714286,33.46173765190064,63.166818215003836,20.452509197559305,0,0.7024215785400001,1.74961226978,1.0,1.8,44.47619047619047,36.678861608335005,24.690265820978706,0,0,1,0,0,2,0
3930167,55,282,Croatia,Albania,2.0756212147750004,1.9732023576249997,1.5,1.4,35.219945815054515,53.86896242000752,21.4316405843436,0,0.428875417,1.200754639,0.5,1.5,32.5,36.437317705883146,17.72414948885537,0,0,0,0,1,2,2
3930169,55,282,Scotland,Switzerland,0.7647309546000001,1.058377216,0.4,2.2,11.483253588516746,43.0954397584623,22.3088445171128,0,1.8219509689294118,2.0799192578764707,1.4705882352941178,1.5294117647058822,34.681018978030686,50.054364931953,22.188854447883177,0,0,0,0,1,1,1
3930171,55,282,Denmark,England,1.42914214564375,1.50417159810625,1.0625,0.9375,36.21078619845067,52.343721052415475,21.904296667357077,0,1.8331480080520002,1.350682501296,1.72,0.76,39.03083028083028,55.53262255929443,19.448204208676863,0,0,0,1,1,1,1
3930170,55,282,Slovenia,Serbia,1.3991147874333334,2.1130461,0.3333333333333333,0.3333333333333333,27.21445221445222,29.7926509218386,25.069431232031118,0,0.969827424,1.4976500607,0.875,1.625,19.261363636363633,46.80248198358211,22.244034668908107,0,0,0,0,1,1,1
3930172,55,282,Spain,Italy,2.4983154925449997,1.6154844017349999,2.15,0.95,35.89246722860072,69.06565784015658,17.33395936911759,0,2.1101396515,1.50669431453,1.6,0.8,32.090632087435154,55.43315115897185,18.180251847125636,0,0,1,0,1,1,0
3930173,55,282,Netherlands,France,1.736915107714286,1.2612780927857143,2.0,1.0714285714285714,33.88356741297917,54.80415716038557,23.22069008757798,0,1.9501816033739132,1.5164290444565216,1.7826086956521738,1.0,35.60314071528179,49.993279344087924,20.930982762647705,0,0,0,0,1,0,0
3938641,55,282,Poland,Austria,1.1292175623583331,1.4686786976916668,0.9166666666666666,1.5833333333333333,27.79882154882155,43.79936853397893,23.37740891707568,0,1.2378161581428573,1.4860042260000002,1.2857142857142858,1.4285714285714286,35.92120181405896,53.11352659320142,22.189864968574483,0,0,0,0,1,1,3
3938640,55,282,Slovakia,Ukraine,0.6839625259000002,1.7758070661666665,0.8333333333333334,1.6666666666666667,18.671328671328673,44.824618089824135,22.585694685744063,0,1.025576233542857,1.2557750873857143,0.8571428571428571,1.8571428571428572,35.81524917659372,50.296621136171936,18.815007952321878,0,0,0,0,1,1,2
3939969,223,282,Argentina,Canada,2.44293369893125,1.47527757576875,1.75,1.125,43.06150172926489,59.10139863447992,18.486954268642634,1,2.314017719125,2.0955979807375,0.75,1.5,28.376860712387025,50.985303405617984,25.001837990757213,2,1,0,0,1,2,0
3939970,223,282,Peru,Chile,0.72620724522,1.5256163692000002,0.4,1.0,37.138188608776844,45.5772890805587,25.354717461934364,1,0.29249876225,1.7417770854999999,0.0,0.5,75.0,41.63298893774275,24.29363444469876,1,0,0,0,1,0,0
3930175,55,282,Belgium,Romania,1.3766219054611109,1.1514833883611113,1.4444444444444444,0.7222222222222222,34.775635111312866,54.16734864583752,19.69917913866705,0,0.8368968246666668,1.3381517683333335,1.3333333333333333,1.3333333333333333,41.851851851851855,36.42794716217168,25.51626592775835,0,0,0,0,1,2,0
3938642,55,282,Georgia,Czech Republic,1.0123794076666666,2.5080920007333334,1.3333333333333333,2.3333333333333335,23.809523809523807,32.76482614519321,23.240547638357857,0,1.0394839357714285,1.2100389891714285,1.1428571428571428,1.1428571428571428,33.75618429189858,43.07161321887075,25.67994264957389,0,0,0,0,1,1,1
3930174,55,282,Turkey,Portugal,1.198866699457143,1.8062418043428572,1.2857142857142858,1.8571428571428572,27.72005772005772,50.383593684513336,18.357874580910703,0,1.9313146492764706,1.4458168077882354,1.588235294117647,1.2941176470588236,34.67020685152332,59.499067091751904,18.939985995046385,0,0,0,0,1,0,3
3939972,223,282,Ecuador,Venezuela,1.8334883635333332,1.4607598660833334,1.3333333333333333,0.8333333333333334,35.6069614765267,49.057097386200695,22.94924064033657,1,2.8253697579000003,3.0346684483333335,1.6666666666666667,0.3333333333333333,25.247432306255835,49.46276474456534,25.841888946065087,1,0,0,0,1,1,2
3939971,223,282,Mexico,Jamaica,1.2715492165222224,1.4684101937999998,0.5555555555555556,1.1111111111111112,26.381088047754716,54.47103886858948,23.261242522200476,2,0.801165885,2.0401174509,0.5,3.0,34.82142857142857,50.91138197760465,25.79787234042553,2,0,0,0,1,1,0
3930176,55,282,Switzerland,Germany,1.8637196758705883,2.0346371604058824,1.4705882352941178,1.5294117647058822,32.943051063592186,51.08101227387278,21.846804499643753,0,1.9893608803071428,1.0489364041642857,1.7142857142857142,1.3571428571428572,34.90284040879287,63.44857910950952,20.241304522274504,0,0,0,0,1,1,1
3939974,223,282,United States,Bolivia,0.8873022385999999,1.0435026910333332,0.6666666666666666,1.1666666666666667,29.444444444444446,48.21688316502368,25.711597981752107,2,0.42209711875,1.8307609933999998,0.5,4.0,33.92857142857143,45.58235488110654,22.411638299211464,1,0,0,0,0,2,0
3930177,55,282,Scotland,Hungary,0.8824004174000001,1.0562053208,0.6,2.2,16.483253588516746,41.24116562434292,21.541538428705795,0,0.7478256225400001,2.00964378778,0.8,2.2,40.96969696969696,34.25360427531125,25.405810640460327,0,0,0,0,1,0,1
3939975,223,282,Colombia,Paraguay,1.7729608308777778,1.4306510036444444,1.7777777777777777,0.5555555555555556,38.6620721708441,51.36194277120288,23.589335259180817,1,1.06586932295,2.0098721995,1.0,3.0,37.64705882352941,55.47380687931261,23.466214726959713,1,0,0,0,1,2,1
3939973,223,282,Uruguay,Panama,1.8627179747769231,1.3200648819384615,1.3076923076923077,0.6153846153846154,35.03469569646041,48.88807026821338,26.03618793204479,1,0.8462472011000001,1.8534910113333334,1.1666666666666667,3.0,31.537444037444036,46.215786606286564,23.821081679797576,2,0,0,0,1,3,1
3930178,55,282,Croatia,Italy,2.094389458625,1.990225640225,1.55,1.45,33.791374386483085,54.837265137499365,21.537210669874103,0,2.0259401523999996,1.5117588512500002,1.5,0.8,32.28293977974285,54.487223539323494,18.376924833001702,0,0,0,0,1,1,1
3930179,55,282,Albania,Spain,0.8402282795,1.6541982924999998,1.5,2.0,37.5,32.781309214722576,20.106951871657753,0,2.527423882405,1.597496655835,2.15,0.95,36.95496722860072,68.93591978160495,17.238573173713952,0,0,0,0,1,0,1
3930182,55,282,Denmark,Serbia,1.44050445683125,1.5571880264187499,1.125,1.0,37.07016119845067,52.19128746066775,21.814776465336873,0,1.11193846625,1.62272926245,1.0,1.75,20.09469696969697,48.464451260046346,22.512326791345828,0,0,0,0,1,0,0
3939978,223,282,Peru,Canada,0.74637441546,1.5487595038,0.4,0.8,39.67787114845938,42.8914660190986,25.450858899539213,1,2.3225491280000004,2.4658294736375,0.625,1.75,25.876860712387025,49.133557204441374,24.260736767175455,2,0,0,0,1,0,1
3938643,55,282,France,Poland,1.9209178827608697,1.497259011065217,1.7391304347826086,0.9565217391304348,34.642042317112455,50.204923636148116,20.727914042604592,0,1.1508007262749997,1.4628645571416667,0.9166666666666666,1.75,26.965488215488218,44.135510210896825,23.42764645180453,0,1,0,0,1,1,1
3930181,55,282,England,Slovenia,1.8498073398119999,1.373418986496,1.76,0.8,39.364163614163616,54.60299803239688,19.612298796654628,0,1.8615310424333333,2.348082359666667,0.6666666666666666,0.6666666666666666,29.992229992229994,33.92058306473481,24.36014660493827,0,0,0,0,1,0,0
3930180,55,282,Netherlands,Austria,1.681770442214286,1.2727426394642858,1.8571428571428572,0.8571428571428571,35.75946928888105,53.700461647456265,22.386744948110817,0,1.3469303782857143,1.4757018571428573,1.2857142857142858,1.2857142857142858,36.55612244897959,54.049272070431606,21.9751191585475,0,1,0,0,1,2,3
3939976,223,282,Brazil,Costa Rica,2.6009503009153843,1.0966326071615387,1.6153846153846154,0.6153846153846154,42.749931901707164,56.69220190684318,20.036229657561382,1,0.5002990999624999,2.312818977025,0.875,2.5,33.66071428571429,35.61200327879182,26.159754902921186,2,1,0,0,1,0,0
3939980,223,282,Ecuador,Jamaica,1.56178280535,1.5691384680833333,1.0,1.0,40.84045584045584,47.327310422882256,22.43493921019356,1,0.5868720585,1.4252451565,0.0,2.0,21.634615384615387,43.61830609517936,26.409774436090224,2,0,0,0,1,3,1
3938644,55,282,Georgia,Portugal,0.9571892666666666,2.6778658686333334,1.0,2.6666666666666665,16.19047619047619,35.93434659732236,21.899040886403345,0,1.9045556098058825,1.4124929104941177,1.7647058823529411,1.1764705882352942,34.80389669109551,58.64302442898655,19.13218500365547,0,0,0,0,1,2,0
3939977,223,282,Chile,Argentina,0.739386595,0.6883845275,0.0,0.0,29.545454545454547,53.42805648321446,23.780404189307326,1,2.49007313493125,1.5281720297374999,1.8125,1.125,43.13626249481513,59.392207998590536,18.59094140092357,1,0,0,0,1,0,1
3930184,55,282,Czech Republic,Turkey,1.2473596251,1.2046645549571429,1.1428571428571428,1.0,32.433432969147255,47.17880406102693,23.365863514026454,0,1.1362157179571428,1.8763710258571429,1.0,2.142857142857143,27.647907647907648,46.996997686731945,18.78110723855543,0,0,0,0,1,1,2
3930183,55,282,Slovakia,Romania,0.6675284761499999,1.8774265990833332,0.8333333333333334,1.8333333333333333,19.4955044955045,44.67723556518063,21.539058235362386,0,0.8782631420000001,1.6051764633333334,1.0,1.6666666666666667,32.857142857142854,37.147006237285275,26.144756091699616,0,0,0,0,1,1,1
3938645,55,282,Ukraine,Belgium,1.1716455549999998,1.2717970837428572,1.1428571428571428,2.0,36.207713854772685,50.746612062353336,18.531697512761436,0,1.4328348142388885,1.1813093330666669,1.5555555555555556,0.7222222222222222,35.42378325946101,53.92163650357365,19.966238906950807,0,0,0,0,1,0,0
3939979,223,282,Venezuela,Mexico,2.9741623402333333,2.4850914319000004,2.0,0.6666666666666666,30.485527544351072,57.62144420208599,24.558143323112414,1,1.1328556288555558,1.3981344695777778,0.6666666666666666,1.0,28.294668294668295,54.52535388772272,22.90438603899087,2,0,0,0,1,1,0
3939981,223,282,Panama,United States,0.8145981229333333,1.9280180453333335,1.0,3.3333333333333335,31.40923890923891,41.70333609383605,25.401048139523553,2,1.1357031167666667,0.9466540559333335,0.8333333333333334,0.8333333333333334,27.777777777777782,53.641105718875856,24.45820243838635,2,0,0,0,1,2,1
3939984,223,282,Colombia,Costa Rica,1.5195837362111113,1.5042397390888889,1.6666666666666667,0.6666666666666666,38.60595544806071,51.698162829250016,23.258672643630277,1,0.48422817396249995,2.1526786574,0.875,2.125,33.66071428571429,34.20696377373143,26.57559820155422,2,0,0,0,1,3,0
3939982,223,282,Uruguay,Bolivia,1.788908626123077,1.3577668605153845,1.1538461538461537,0.6923076923076923,33.88084954261426,48.44462080666438,26.474007010803465,1,0.4715613087,1.8726217596499999,0.5,2.5,46.42857142857143,45.72946025697008,21.778053013834825,1,0,0,0,1,5,0
3939983,223,282,Paraguay,Brazil,1.133829649,0.4469876955,1.0,2.0,31.283422459893046,49.66623913008405,28.151733069765857,1,2.4373735537615384,1.0462521937076923,1.3076923076923077,0.5384615384615384,41.18884592885649,58.21754583119056,19.827252588119197,1,0,0,0,1,1,4
3940878,55,282,Switzerland,Italy,1.8341743136941175,2.082638355111765,1.411764705882353,1.588235294117647,35.88422753418042,50.18747557989468,22.265730536365407,0,2.0519137962,1.58184668115,1.6,0.7,33.68154117834425,54.75152708909155,19.261175154752028,0,0,0,1,1,2,0
3940983,55,282,Germany,Denmark,1.9404363764928567,0.9922642792357143,1.6428571428571428,1.4285714285714286,31.807602313554774,64.19980675288474,20.087653953135952,0,1.40788177408125,1.43830184914375,1.125,0.875,37.69516119845067,52.668187179072326,21.466488351641786,0,0,0,0,0,2,0
3941018,55,282,Spain,Georgia,2.4367731948549998,1.6170004877349995,2.0,0.9,36.03532437145787,68.15752808444971,17.487071955502746,0,1.3679944096666665,2.541667338966667,1.3333333333333333,1.3333333333333333,30.47619047619047,37.18463716479354,22.679464166826623,0,0,0,0,1,4,1
3939986,223,282,Argentina,Peru,2.5324658544312504,1.525944896475,1.75,1.125,42.56808067663331,58.61005084778634,18.52055988260539,1,0.82833781628,1.309413784,0.4,0.6,45.70961718020542,47.45123377085438,24.959094566311464,1,0,0,0,1,2,0
3939985,223,282,Canada,Chile,2.3487434240000002,2.4811332304875,0.75,1.75,26.710194045720357,48.31193191183243,24.76476902523997,2,0.57787605425,1.730667767,0.0,0.5,54.54545454545455,51.57239548069438,26.284155365523596,1,0,0,0,1,0,0
3941017,55,282,England,Slovakia,1.8165865998119997,1.3181017924560001,1.68,0.76,39.864163614163616,54.99884591211573,19.584710744597373,0,0.5503444289833334,1.7999595294166666,0.8333333333333334,1.6666666666666667,20.77755577755578,48.108782485099645,22.117183235362386,0,0,0,0,1,2,1
3941020,55,282,Portugal,Slovenia,1.803641133982353,1.3112844830235295,1.7647058823529411,1.2941176470588236,33.839004805487505,58.66903047440288,18.9909509239402,0,0.8944913540999999,1.2429307346666667,0.6666666666666666,0.6666666666666666,25.505050505050505,33.215860884429624,21.02004851598173,0,0,0,0,1,0,0
3939987,223,282,Jamaica,Venezuela,0.7204531004999999,1.7509526213999997,0.5,2.0,43.956043956043956,47.18669290370188,27.207646776515755,2,2.782239275566667,3.0573373562333335,1.3333333333333333,0.6666666666666666,31.26984126984127,53.52992665627196,24.790064959528433,1,0,0,0,1,0,3
3939988,223,282,Mexico,Ecuador,1.293599632077778,1.4906668621333334,0.6666666666666666,1.1111111111111112,29.15886582553249,54.6237245150683,23.29994221260295,2,1.905112081483333,1.56865852475,1.5,1.1666666666666667,37.45881332837855,48.036050985263394,23.520797796052147,1,0,0,0,1,0,0
3941019,55,282,France,Belgium,1.94828553696087,1.5327320608043478,1.7391304347826086,1.0,36.015040028782934,50.28938190258608,20.773773231819895,0,1.447877627683333,1.1505958960833336,1.5555555555555556,0.6666666666666666,35.053412889090644,54.77198812053515,20.035088356155214,0,1,0,0,1,1,0
3941021,55,282,Romania,Netherlands,1.163008806,1.0113452436666668,1.3333333333333333,1.0,44.70899470899471,39.14467535843801,24.867562632289445,0,1.6020541650000002,1.329185326892857,1.7857142857142858,1.0714285714285714,35.27245630186806,52.958153304756,22.900961407654506,0,0,0,0,1,0,3
3941022,55,282,Austria,Turkey,1.1427690205714285,1.5653733207857143,1.5714285714285714,1.2857142857142858,41.09126984126984,52.220532710286385,22.102208242738385,0,1.1840779056714286,1.722555932485714,1.0,2.142857142857143,24.47330447330447,50.80356446718843,17.965854794088052,0,0,0,0,1,1,2
3939989,223,282,Bolivia,Panama,0.10022659245,2.3628230417499996,0.0,3.5,37.5,40.07923207269613,19.507757470807103,1,0.7129686032166668,1.948159162666667,0.8333333333333334,3.3333333333333335,28.845136345136343,45.70404540001159,24.630563636820515,2,0,0,0,1,1,3
3939990,223,282,United States,Uruguay,1.2095833814333332,0.8565309650666667,1.0,1.0,31.944444444444446,49.57110164887178,23.95326362075404,2,1.8696348674538465,1.3254411260153847,1.4615384615384615,0.6923076923076923,34.52187518363989,49.34586887985816,25.9805310285618,1,0,0,0,0,0,1
3939991,223,282,Brazil,Colombia,2.7021329559923077,0.9838424187384616,1.5384615384615385,0.5384615384615384,40.607074758850025,58.55152981175551,19.492329113660837,1,1.6750628113777781,1.4886264452,1.8888888888888888,0.5555555555555556,36.564170072942005,53.1100776155661,23.675461303172554,1,0,0,0,1,1,1
3939992,223,282,Costa Rica,Paraguay,0.47088360208749996,2.335460156025,0.625,2.375,21.160714285714285,34.50177112155547,25.348623445463673,2,0.75963626795,2.184805345,1.0,3.0,33.63636363636363,39.962497326693345,26.462022640800413,1,0,0,0,1,2,1
3942228,223,282,Argentina,Ecuador,2.36557265543125,1.25370081758125,1.8125,1.0625,42.80846529201793,59.995658420041394,18.550236160346685,1,1.2023323553166667,0.92891828975,1.3333333333333333,1.0,35.3220611916264,46.675259845455024,23.441662493986907,1,0,0,0,1,1,1
3942226,55,282,Spain,Germany,2.4983068024549997,1.5412006405349998,2.1,0.9,36.313519860179674,69.49916659943852,16.976786829223975,0,1.9831182830928569,0.9593672166642857,1.7142857142857142,1.2857142857142858,34.54052156821316,64.40116406028035,19.67540341756261,0,0,1,0,1,2,1
3942349,55,282,Portugal,France,1.7759280878058825,1.1984098225529412,1.7647058823529411,1.2941176470588236,33.973612424278734,59.314178234615795,19.11280623377141,0,1.7864205947869567,1.351010985369565,1.7826086956521738,1.0,34.733575497890484,50.94571453774026,20.596176903545167,0,0,1,0,1,0,0
3942227,55,282,England,Switzerland,1.7018745704519997,1.2065994174560002,1.72,0.76,38.58638583638584,55.42330718987254,19.62380150688821,0,1.625171387635294,1.863292277464706,1.4705882352941178,1.5294117647058822,34.78128635770983,50.31773222691894,22.297329822741624,0,0,0,0,1,1,1
3942382,55,282,Netherlands,Turkey,1.7382904067857143,1.2638473423928571,1.8571428571428572,1.0,34.46076799017975,53.2897625692238,23.232805501354534,0,1.141231548457143,1.9751415187714285,1.1428571428571428,2.0,27.806637806637806,50.73196874073833,18.54103072384687,0,0,0,0,1,2,1
3942229,223,282,Venezuela,Canada,1.479356439,1.2624996752333333,2.0,0.3333333333333333,24.453781512605044,52.63264919681048,25.02279427909285,1,1.6796679190000001,1.8350020813999999,0.625,1.625,25.19504253056884,49.79445532046236,24.53287856587601,2,0,0,0,1,1,1
3942416,223,282,Colombia,Panama,1.5997959794333336,1.4548337825333335,1.4444444444444444,0.6666666666666666,33.75586726463919,52.824125929830686,23.04321131040447,1,0.8347366244333334,1.7169970511666668,1.3333333333333333,2.6666666666666665,34.15649165649166,45.94618522159566,24.37089418613182,2,0,0,0,1,5,0
3942415,223,282,Uruguay,Brazil,1.6176490856230772,1.0686043720153848,1.5384615384615385,0.6923076923076923,35.01207126207127,50.00134117809447,26.031914427771287,1,2.432590099607692,0.7496629352384616,1.6153846153846154,0.6153846153846154,39.707973859749124,57.76065686185628,19.592963246553033,1,0,0,0,1,0,0
3942752,55,282,Spain,France,2.553933716955,1.580116135135,2.1,0.9,36.22580056193406,68.99741268766704,17.04849087917112,0,1.9661658500913046,1.5301971908913043,1.7391304347826086,0.9130434782608695,35.02343057035425,50.87453168268653,20.430572590375345,0,0,0,0,1,2,1
3942819,55,282,Netherlands,England,1.760201614357143,1.259980351892857,1.9285714285714286,0.9285714285714286,33.99694609778643,54.5128214765432,22.987234472650975,0,1.8305933902119997,1.363528789056,1.68,0.76,38.141941391941394,55.191523291233786,19.491328250659517,0,0,0,0,1,1,2
3942785,223,282,Argentina,Canada,2.55443977621875,1.49151087170625,1.75,1.125,43.98853522208785,59.938932734073504,18.31275264354815,1,2.346484311,2.3186101353125,0.75,1.5,28.09908293460925,49.310235206430804,25.760815253950433,2,1,0,0,1,2,0
3942852,223,282,Uruguay,Colombia,1.9094008347000002,1.2715208409384617,1.5384615384615385,0.6153846153846154,36.328401990166704,48.43362616159538,26.031503074418758,1,1.711845295766667,1.4387657847555557,1.8888888888888888,0.6666666666666666,37.651971160743095,54.25703989471396,22.57115391689586,1,0,0,0,1,0,1
3943076,223,282,Canada,Uruguay,1.66051646375,1.9565810354875,0.5,1.5,24.955808080808076,48.999673011156915,24.44307784876938,2,1.6097190424692311,0.8843401585538462,1.3846153846153846,0.5384615384615384,33.400080311845024,49.29672038884199,25.629265794353422,1,0,0,0,1,2,2
3943043,55,282,Spain,England,2.485423857455,1.5863354849849998,2.1,0.9,36.01746722860072,68.66704879892458,17.270396566193085,0,1.851001111972,1.308347152456,1.72,0.72,39.03083028083028,56.103418570786744,19.357934817504134,0,0,0,0,1,2,1
3943077,223,282,Argentina,Colombia,2.5964080571312502,1.47559293510625,1.8125,1.125,42.85217158572422,60.35224029085967,18.168076717622224,1,1.7340349537000002,1.4023060063333335,2.0,0.5555555555555556,39.353193914597426,52.55163452798136,23.199972129294267,1,0,0,0,1,1,0
